cs_code;cs_nb_pas;cs_bp_code;cs_num;cs_type;cs_face;cs_rf_code;cs_comment;cs_creadat;cs_majdate;cs_majsrc;cs_abddate;cs_abdsrc
CS716000000001;24;;1;;;RF000000000188;TI716000000001;29/08/2022 00:00;;;;
CS716000000002;24;;2;;;RF000000000188;TI716000000001;29/08/2022 00:00;;;;
CS716000000003;24;;3;;;RF000000000188;TI716000000001;29/08/2022 00:00;;;;
CS716000000004;24;;4;;;RF000000000188;TI716000000001;29/08/2022 00:00;;;;
CS716000000005;24;;5;;;RF000000000188;TI716000000001;29/08/2022 00:00;;;;
CS716000000006;24;;6;;;RF000000000188;TI716000000001;29/08/2022 00:00;;;;
CS716000000007;24;;7;;;RF000000000188;TI716000000001;29/08/2022 00:00;;;;
CS716000000008;24;;8;;;RF000000000188;TI716000000001;29/08/2022 00:00;;;;
CS716000000009;24;;9;;;RF000000000188;TI716000000001;29/08/2022 00:00;;;;
CS716000000010;24;;10;;;RF000000000188;TI716000000001;29/08/2022 00:00;;;;
CS716000000011;24;;11;;;RF000000000188;TI716000000001;29/08/2022 00:00;;;;
CS716000000012;24;;1;;;RF000000000188;TI716000000002;29/08/2022 00:00;;;;
CS716000000013;24;;2;;;RF000000000188;TI716000000002;29/08/2022 00:00;;;;
CS716000000014;24;;3;;;RF000000000188;TI716000000002;29/08/2022 00:00;;;;
CS716000000015;24;;4;;;RF000000000188;TI716000000002;29/08/2022 00:00;;;;
CS716000000016;24;;5;;;RF000000000188;TI716000000002;29/08/2022 00:00;;;;
CS716000000017;24;;6;;;RF000000000188;TI716000000002;29/08/2022 00:00;;;;
CS716000000018;24;;1;;;RF000000000188;TI716000000003;29/08/2022 00:00;;;;
CS716000000019;24;;2;;;RF000000000188;TI716000000003;29/08/2022 00:00;;;;
CS716000000020;24;;3;;;RF000000000188;TI716000000003;29/08/2022 00:00;;;;
CS716000000021;24;;4;;;RF000000000188;TI716000000003;29/08/2022 00:00;;;;
CS716000000022;24;;5;;;RF000000000188;TI716000000003;29/08/2022 00:00;;;;
CS716000000023;24;;6;;;RF000000000188;TI716000000003;29/08/2022 00:00;;;;
CS716000000024;24;;1;;;RF000000000188;TI716000000004;29/08/2022 00:00;;;;
CS716000000025;24;;2;;;RF000000000188;TI716000000004;29/08/2022 00:00;;;;
CS716000000026;24;;3;;;RF000000000188;TI716000000004;29/08/2022 00:00;;;;
CS716000000027;24;;4;;;RF000000000188;TI716000000004;29/08/2022 00:00;;;;
CS716000000028;24;;5;;;RF000000000188;TI716000000004;29/08/2022 00:00;;;;
CS716000000029;24;;6;;;RF000000000188;TI716000000004;29/08/2022 00:00;;;;
CS716000000030;24;;1;;;RF000000000188;TI716000000005;29/08/2022 00:00;;;;
CS716000000031;24;;2;;;RF000000000188;TI716000000005;29/08/2022 00:00;;;;
CS716000000032;24;;3;;;RF000000000188;TI716000000005;29/08/2022 00:00;;;;
CS716000000033;24;;4;;;RF000000000188;TI716000000005;29/08/2022 00:00;;;;
CS716000000034;24;;5;;;RF000000000188;TI716000000005;29/08/2022 00:00;;;;
CS716000000035;12;BP716000000098;1;;;RF000000000191;71153/USZ/PT 601470;29/08/2022 00:00;;;;
CS716000000036;12;BP716000000098;2;;;RF000000000191;71153/USZ/PT 601470;29/08/2022 00:00;;;;
CS716000000037;12;BP716000000098;3;;;RF000000000191;71153/USZ/PT 601470;29/08/2022 00:00;;;;
CS716000000038;12;BP716000000098;4;;;RF000000000191;71153/USZ/PT 601470;29/08/2022 00:00;;;;
CS716000000039;12;BP716000000098;5;;;RF000000000191;71153/USZ/PT 601470;29/08/2022 00:00;;;;
CS716000000040;12;BP716000000098;6;;;RF000000000191;71153/USZ/PT 601470;29/08/2022 00:00;;;;
CS716000000041;12;BP716000000098;7;;;RF000000000191;71153/USZ/PT 601470;29/08/2022 00:00;;;;
CS716000000042;0;BP716000000098;0;;;RF000000000297;71153/USZ/PT 601470;29/08/2022 00:00;;;;
CS716000000056;12;BP716000000099;1;;;RF000000000191;71153/USZ/PT 601471;29/08/2022 00:00;;;;
CS716000000057;12;BP716000000099;2;;;RF000000000191;71153/USZ/PT 601471;29/08/2022 00:00;;;;
CS716000000058;12;BP716000000099;3;;;RF000000000191;71153/USZ/PT 601471;29/08/2022 00:00;;;;
CS716000000059;12;BP716000000099;4;;;RF000000000191;71153/USZ/PT 601471;29/08/2022 00:00;;;;
CS716000000060;12;BP716000000099;5;;;RF000000000191;71153/USZ/PT 601471;29/08/2022 00:00;;;;
CS716000000061;12;BP716000000099;6;;;RF000000000191;71153/USZ/PT 601471;29/08/2022 00:00;;;;
CS716000000062;12;BP716000000099;7;;;RF000000000191;71153/USZ/PT 601471;29/08/2022 00:00;;;;
CS716000000063;12;BP716000000099;8;;;RF000000000191;71153/USZ/PT 601471;29/08/2022 00:00;;;;
CS716000000064;12;BP716000000099;9;;;RF000000000191;71153/USZ/PT 601471;29/08/2022 00:00;;;;
CS716000000065;12;BP716000000099;10;;;RF000000000191;71153/USZ/PT 601471;29/08/2022 00:00;;;;
CS716000000066;12;BP716000000099;11;;;RF000000000191;71153/USZ/PT 601471;29/08/2022 00:00;;;;
CS716000000067;12;BP716000000099;12;;;RF000000000191;71153/USZ/PT 601471;29/08/2022 00:00;;;;
CS716000000068;12;BP716000000099;13;;;RF000000000191;71153/USZ/PT 601471;29/08/2022 00:00;;;;
CS716000000069;12;BP716000000099;14;;;RF000000000191;71153/USZ/PT 601471;29/08/2022 00:00;;;;
CS716000000070;12;BP716000000014;1;;;RF000000000191;71153/USZ/PT 601472;29/08/2022 00:00;;;;
CS716000000071;0;BP716000000014;0;;;RF000000000297;71153/USZ/PT 601472;29/08/2022 00:00;;;;
CS716000000074;12;BP716000000015;1;;;RF000000000191;71153/USZ/PT 601473;29/08/2022 00:00;;;;
CS716000000075;0;BP716000000015;0;;;RF000000000297;71153/USZ/PT 601473;29/08/2022 00:00;;;;
CS716000000077;12;BP716000000012;1;;;RF000000000191;71153/USZ/PT 601474;29/08/2022 00:00;;;;
CS716000000078;0;BP716000000012;0;;;RF000000000297;71153/USZ/PT 601474;29/08/2022 00:00;;;;
CS716000000079;12;BP716000000006;1;;;RF000000000191;71153/USZ/PT 601475;29/08/2022 00:00;;;;
CS716000000080;0;BP716000000006;0;;;RF000000000297;71153/USZ/PT 601475;29/08/2022 00:00;;;;
CS716000000083;12;BP716000000007;1;;;RF000000000191;71153/USZ/PT 601476;29/08/2022 00:00;;;;
CS716000000084;0;BP716000000007;0;;;RF000000000297;71153/USZ/PT 601476;29/08/2022 00:00;;;;
CS716000000086;12;BP716000000008;1;;;RF000000000191;71153/USZ/PT 601477;29/08/2022 00:00;;;;
CS716000000087;0;BP716000000008;0;;;RF000000000297;71153/USZ/PT 601477;29/08/2022 00:00;;;;
CS716000000088;12;BP716000000009;1;;;RF000000000191;71153/USZ/PT 601478;29/08/2022 00:00;;;;
CS716000000089;12;BP716000000010;1;;;RF000000000191;71153/USZ/PT 601479;29/08/2022 00:00;;;;
CS716000000090;0;BP716000000010;0;;;RF000000000297;71153/USZ/PT 601479;29/08/2022 00:00;;;;
CS716000000091;12;BP716000000011;1;;;RF000000000191;71153/USZ/PT 601480;29/08/2022 00:00;;;;
CS716000000092;12;BP716000000004;1;;;RF000000000191;71153/USZ/PT 601481;29/08/2022 00:00;;;;
CS716000000093;0;BP716000000004;0;;;RF000000000297;71153/USZ/PT 601481;29/08/2022 00:00;;;;
CS716000000094;12;BP716000000005;1;;;RF000000000191;71153/USZ/PT 601482;29/08/2022 00:00;;;;
CS716000000095;12;BP716000000016;1;;;RF000000000191;71153/USZ/PT 601483;29/08/2022 00:00;;;;
CS716000000096;0;BP716000000016;0;;;RF000000000297;71153/USZ/PT 601483;29/08/2022 00:00;;;;
CS716000000097;12;BP716000000017;1;;;RF000000000191;71153/USZ/PT 601484;29/08/2022 00:00;;;;
CS716000000098;12;BP716000000095;1;;;RF000000000191;71153/USZ/PT 601485;29/08/2022 00:00;;;;
CS716000000099;0;BP716000000095;0;;;RF000000000297;71153/USZ/PT 601485;29/08/2022 00:00;;;;
CS716000000102;12;BP716000000096;1;;;RF000000000191;71153/USZ/PT 601486;29/08/2022 00:00;;;;
CS716000000103;0;BP716000000096;0;;;RF000000000297;71153/USZ/PT 601486;29/08/2022 00:00;;;;
CS716000000105;12;BP716000000097;1;;;RF000000000191;71153/USZ/PT 601487;29/08/2022 00:00;;;;
CS716000000106;0;BP716000000097;0;;;RF000000000297;71153/USZ/PT 601487;29/08/2022 00:00;;;;
CS716000000107;12;BP716000000001;1;;;RF000000000191;71153/USZ/PT 601488;29/08/2022 00:00;;;;
CS716000000108;12;BP716000000002;1;;;RF000000000191;71153/USZ/PT 601489;29/08/2022 00:00;;;;
CS716000000109;0;BP716000000002;0;;;RF000000000297;71153/USZ/PT 601489;29/08/2022 00:00;;;;
CS716000000110;12;BP716000000003;1;;;RF000000000191;71153/USZ/PT 601490;29/08/2022 00:00;;;;
CS716000000111;12;BP716000000020;1;;;RF000000000191;71153/USZ/PT 601491;29/08/2022 00:00;;;;
CS716000000112;12;BP716000000018;1;;;RF000000000191;71153/USZ/PT 601492;29/08/2022 00:00;;;;
CS716000000113;12;BP716000000100;1;;;RF000000000191;71153/USZ/PT 601493;29/08/2022 00:00;;;;
CS716000000114;12;BP716000000100;2;;;RF000000000191;71153/USZ/PT 601493;29/08/2022 00:00;;;;
CS716000000115;12;BP716000000100;3;;;RF000000000191;71153/USZ/PT 601493;29/08/2022 00:00;;;;
CS716000000116;12;BP716000000100;4;;;RF000000000191;71153/USZ/PT 601493;29/08/2022 00:00;;;;
CS716000000117;12;BP716000000100;5;;;RF000000000191;71153/USZ/PT 601493;29/08/2022 00:00;;;;
CS716000000118;12;BP716000000100;6;;;RF000000000191;71153/USZ/PT 601493;29/08/2022 00:00;;;;
CS716000000119;12;BP716000000100;7;;;RF000000000191;71153/USZ/PT 601493;29/08/2022 00:00;;;;
CS716000000120;12;BP716000000100;8;;;RF000000000191;71153/USZ/PT 601493;29/08/2022 00:00;;;;
CS716000000121;12;BP716000000100;9;;;RF000000000191;71153/USZ/PT 601493;29/08/2022 00:00;;;;
CS716000000122;12;BP716000000100;10;;;RF000000000191;71153/USZ/PT 601493;29/08/2022 00:00;;;;
CS716000000123;12;BP716000000100;11;;;RF000000000191;71153/USZ/PT 601493;29/08/2022 00:00;;;;
CS716000000124;12;BP716000000100;12;;;RF000000000191;71153/USZ/PT 601493;29/08/2022 00:00;;;;
CS716000000125;12;BP716000000100;13;;;RF000000000191;71153/USZ/PT 601493;29/08/2022 00:00;;;;
CS716000000126;12;BP716000000100;14;;;RF000000000191;71153/USZ/PT 601493;29/08/2022 00:00;;;;
CS716000000127;12;BP716000000100;15;;;RF000000000191;71153/USZ/PT 601493;29/08/2022 00:00;;;;
CS716000000128;12;BP716000000100;16;;;RF000000000191;71153/USZ/PT 601493;29/08/2022 00:00;;;;
CS716000000129;12;BP716000000100;17;;;RF000000000191;71153/USZ/PT 601493;29/08/2022 00:00;;;;
CS716000000130;12;BP716000000100;18;;;RF000000000191;71153/USZ/PT 601493;29/08/2022 00:00;;;;
CS716000000131;12;BP716000000100;19;;;RF000000000191;71153/USZ/PT 601493;29/08/2022 00:00;;;;
CS716000000132;12;BP716000000100;20;;;RF000000000191;71153/USZ/PT 601493;29/08/2022 00:00;;;;
CS716000000133;12;BP716000000076;1;;;RF000000000191;71153/USZ/PT 601494;29/08/2022 00:00;;;;
CS716000000134;0;BP716000000076;0;;;RF000000000297;71153/USZ/PT 601494;29/08/2022 00:00;;;;
CS716000000139;12;BP716000000077;1;;;RF000000000191;71153/USZ/PT 601495;29/08/2022 00:00;;;;
CS716000000140;0;BP716000000077;0;;;RF000000000297;71153/USZ/PT 601495;29/08/2022 00:00;;;;
CS716000000144;12;BP716000000080;1;;;RF000000000191;71153/USZ/PT 601496;29/08/2022 00:00;;;;
CS716000000145;0;BP716000000080;0;;;RF000000000297;71153/USZ/PT 601496;29/08/2022 00:00;;;;
CS716000000148;12;BP716000000082;1;;;RF000000000191;71153/USZ/PT 601497;29/08/2022 00:00;;;;
CS716000000149;0;BP716000000082;0;;;RF000000000297;71153/USZ/PT 601497;29/08/2022 00:00;;;;
CS716000000151;12;BP716000000083;1;;;RF000000000191;71153/USZ/PT 601498;29/08/2022 00:00;;;;
CS716000000152;0;BP716000000083;0;;;RF000000000297;71153/USZ/PT 601498;29/08/2022 00:00;;;;
CS716000000153;12;BP716000000085;1;;;RF000000000191;71153/USZ/PT 601499;29/08/2022 00:00;;;;
CS716000000154;12;BP716000000060;1;;;RF000000000191;71153/USZ/PT 601500;29/08/2022 00:00;;;;
CS716000000155;0;BP716000000060;0;;;RF000000000297;71153/USZ/PT 601500;29/08/2022 00:00;;;;
CS716000000158;12;BP716000000066;1;;;RF000000000191;71153/USZ/PT 601501;29/08/2022 00:00;;;;
CS716000000159;0;BP716000000066;0;;;RF000000000297;71153/USZ/PT 601501;29/08/2022 00:00;;;;
CS716000000161;12;BP716000000067;1;;;RF000000000191;71153/USZ/PT 601502;29/08/2022 00:00;;;;
CS716000000162;0;BP716000000067;0;;;RF000000000297;71153/USZ/PT 601502;29/08/2022 00:00;;;;
CS716000000163;12;BP716000000061;1;;;RF000000000191;71153/USZ/PT 601503;29/08/2022 00:00;;;;
CS716000000164;12;BP716000000078;1;;;RF000000000191;71153/USZ/PT 601504;29/08/2022 00:00;;;;
CS716000000165;0;BP716000000078;0;;;RF000000000297;71153/USZ/PT 601504;29/08/2022 00:00;;;;
CS716000000166;12;BP716000000079;1;;;RF000000000191;71153/USZ/PT 601505;29/08/2022 00:00;;;;
CS716000000167;12;BP716000000081;1;;;RF000000000191;71153/USZ/PT 601506;29/08/2022 00:00;;;;
CS716000000168;0;BP716000000081;0;;;RF000000000297;71153/USZ/PT 601506;29/08/2022 00:00;;;;
CS716000000169;12;BP716000000084;1;;;RF000000000191;71153/USZ/PT 601507;29/08/2022 00:00;;;;
CS716000000170;12;BP716000000056;1;;;RF000000000191;71153/USZ/PT 601508;29/08/2022 00:00;;;;
CS716000000171;0;BP716000000056;0;;;RF000000000297;71153/USZ/PT 601508;29/08/2022 00:00;;;;
CS716000000172;12;BP716000000055;1;;;RF000000000191;71153/USZ/PT 601509;29/08/2022 00:00;;;;
CS716000000173;12;BP716000000057;1;;;RF000000000191;71153/USZ/PT 601510;29/08/2022 00:00;;;;
CS716000000174;12;BP716000000058;1;;;RF000000000191;71153/USZ/PT 601511;29/08/2022 00:00;;;;
CS716000000175;12;BP716000000062;1;;;RF000000000191;71153/USZ/PT 601512;29/08/2022 00:00;;;;
CS716000000176;12;BP716000000059;1;;;RF000000000191;71153/USZ/PT 601513;29/08/2022 00:00;;;;
CS716000000177;12;BP716000000101;1;;;RF000000000191;71153/USZ/PT 601514;29/08/2022 00:00;;;;
CS716000000178;12;BP716000000101;2;;;RF000000000191;71153/USZ/PT 601514;29/08/2022 00:00;;;;
CS716000000179;12;BP716000000101;3;;;RF000000000191;71153/USZ/PT 601514;29/08/2022 00:00;;;;
CS716000000180;12;BP716000000101;4;;;RF000000000191;71153/USZ/PT 601514;29/08/2022 00:00;;;;
CS716000000181;12;BP716000000101;5;;;RF000000000191;71153/USZ/PT 601514;29/08/2022 00:00;;;;
CS716000000182;12;BP716000000101;6;;;RF000000000191;71153/USZ/PT 601514;29/08/2022 00:00;;;;
CS716000000183;12;BP716000000101;7;;;RF000000000191;71153/USZ/PT 601514;29/08/2022 00:00;;;;
CS716000000184;12;BP716000000101;8;;;RF000000000191;71153/USZ/PT 601514;29/08/2022 00:00;;;;
CS716000000185;12;BP716000000101;9;;;RF000000000191;71153/USZ/PT 601514;29/08/2022 00:00;;;;
CS716000000186;12;BP716000000101;10;;;RF000000000191;71153/USZ/PT 601514;29/08/2022 00:00;;;;
CS716000000187;12;BP716000000101;11;;;RF000000000191;71153/USZ/PT 601514;29/08/2022 00:00;;;;
CS716000000188;12;BP716000000101;12;;;RF000000000191;71153/USZ/PT 601514;29/08/2022 00:00;;;;
CS716000000189;12;BP716000000101;13;;;RF000000000191;71153/USZ/PT 601514;29/08/2022 00:00;;;;
CS716000000190;12;BP716000000101;14;;;RF000000000191;71153/USZ/PT 601514;29/08/2022 00:00;;;;
CS716000000191;12;BP716000000101;15;;;RF000000000191;71153/USZ/PT 601514;29/08/2022 00:00;;;;
CS716000000192;12;BP716000000101;16;;;RF000000000191;71153/USZ/PT 601514;29/08/2022 00:00;;;;
CS716000000193;12;BP716000000101;17;;;RF000000000191;71153/USZ/PT 601514;29/08/2022 00:00;;;;
CS716000000194;12;BP716000000101;18;;;RF000000000191;71153/USZ/PT 601514;29/08/2022 00:00;;;;
CS716000000195;12;BP716000000101;19;;;RF000000000191;71153/USZ/PT 601514;29/08/2022 00:00;;;;
CS716000000196;12;BP716000000101;20;;;RF000000000191;71153/USZ/PT 601514;29/08/2022 00:00;;;;
CS716000000197;12;BP716000000101;21;;;RF000000000191;71153/USZ/PT 601514;29/08/2022 00:00;;;;
CS716000000198;12;BP716000000101;22;;;RF000000000191;71153/USZ/PT 601514;29/08/2022 00:00;;;;
CS716000000199;12;BP716000000101;23;;;RF000000000191;71153/USZ/PT 601514;29/08/2022 00:00;;;;
CS716000000200;12;BP716000000101;24;;;RF000000000191;71153/USZ/PT 601514;29/08/2022 00:00;;;;
CS716000000201;12;BP716000000102;1;;;RF000000000191;71153/USZ/PT 601515;29/08/2022 00:00;;;;
CS716000000202;12;BP716000000102;2;;;RF000000000191;71153/USZ/PT 601515;29/08/2022 00:00;;;;
CS716000000203;12;BP716000000102;3;;;RF000000000191;71153/USZ/PT 601515;29/08/2022 00:00;;;;
CS716000000204;12;BP716000000102;4;;;RF000000000191;71153/USZ/PT 601515;29/08/2022 00:00;;;;
CS716000000205;12;BP716000000102;5;;;RF000000000191;71153/USZ/PT 601515;29/08/2022 00:00;;;;
CS716000000206;12;BP716000000102;6;;;RF000000000191;71153/USZ/PT 601515;29/08/2022 00:00;;;;
CS716000000207;12;BP716000000102;7;;;RF000000000191;71153/USZ/PT 601515;29/08/2022 00:00;;;;
CS716000000208;12;BP716000000102;8;;;RF000000000191;71153/USZ/PT 601515;29/08/2022 00:00;;;;
CS716000000209;12;BP716000000036;1;;;RF000000000191;71153/USZ/PT 601516;29/08/2022 00:00;;;;
CS716000000210;0;BP716000000036;0;;;RF000000000297;71153/USZ/PT 601516;29/08/2022 00:00;;;;
CS716000000213;12;BP716000000044;1;;;RF000000000191;71153/USZ/PT 601517;29/08/2022 00:00;;;;
CS716000000214;0;BP716000000044;0;;;RF000000000297;71153/USZ/PT 601517;29/08/2022 00:00;;;;
CS716000000216;12;BP716000000046;1;;;RF000000000191;71153/USZ/PT 601518;29/08/2022 00:00;;;;
CS716000000217;0;BP716000000046;0;;;RF000000000297;71153/USZ/PT 601518;29/08/2022 00:00;;;;
CS716000000218;12;BP716000000048;1;;;RF000000000191;71153/USZ/PT 601519;29/08/2022 00:00;;;;
CS716000000219;12;BP716000000045;1;;;RF000000000191;71153/USZ/PT 601520;29/08/2022 00:00;;;;
CS716000000220;0;BP716000000045;0;;;RF000000000297;71153/USZ/PT 601520;29/08/2022 00:00;;;;
CS716000000221;12;BP716000000047;1;;;RF000000000191;71153/USZ/PT 601521;29/08/2022 00:00;;;;
CS716000000222;0;BP716000000047;0;;;RF000000000297;71153/USZ/PT 601521;29/08/2022 00:00;;;;
CS716000000223;12;BP716000000049;1;;;RF000000000191;71153/USZ/PT 601522;29/08/2022 00:00;;;;
CS716000000224;12;BP716000000037;1;;;RF000000000191;71153/USZ/PT 601523;29/08/2022 00:00;;;;
CS716000000225;0;BP716000000037;0;;;RF000000000297;71153/USZ/PT 601523;29/08/2022 00:00;;;;
CS716000000226;12;BP716000000038;1;;;RF000000000191;71153/USZ/PT 601524;29/08/2022 00:00;;;;
CS716000000227;12;BP716000000041;1;;;RF000000000191;71153/USZ/PT 601525;29/08/2022 00:00;;;;
CS716000000228;0;BP716000000041;0;;;RF000000000297;71153/USZ/PT 601525;29/08/2022 00:00;;;;
CS716000000230;12;BP716000000042;1;;;RF000000000191;71153/USZ/PT 601526;29/08/2022 00:00;;;;
CS716000000231;0;BP716000000042;0;;;RF000000000297;71153/USZ/PT 601526;29/08/2022 00:00;;;;
CS716000000232;12;BP716000000043;1;;;RF000000000191;71153/USZ/PT 601527;29/08/2022 00:00;;;;
CS716000000233;12;BP716000000026;1;;;RF000000000191;71153/USZ/PT 601528;29/08/2022 00:00;;;;
CS716000000234;0;BP716000000026;0;;;RF000000000297;71153/USZ/PT 601528;29/08/2022 00:00;;;;
CS716000000237;12;BP716000000027;1;;;RF000000000191;71153/USZ/PT 601529;29/08/2022 00:00;;;;
CS716000000238;0;BP716000000027;0;;;RF000000000297;71153/USZ/PT 601529;29/08/2022 00:00;;;;
CS716000000240;12;BP716000000030;1;;;RF000000000191;71153/USZ/PT 601530;29/08/2022 00:00;;;;
CS716000000241;0;BP716000000030;0;;;RF000000000297;71153/USZ/PT 601530;29/08/2022 00:00;;;;
CS716000000242;12;BP716000000029;1;;;RF000000000191;71153/USZ/PT 601531;29/08/2022 00:00;;;;
CS716000000243;12;BP716000000040;1;;;RF000000000191;71153/USZ/PT 601532;29/08/2022 00:00;;;;
CS716000000244;0;BP716000000040;0;;;RF000000000297;71153/USZ/PT 601532;29/08/2022 00:00;;;;
CS716000000245;12;BP716000000039;1;;;RF000000000191;71153/USZ/PT 601533;29/08/2022 00:00;;;;
CS716000000246;12;BP716000000025;1;;;RF000000000191;71153/USZ/PT 601534;29/08/2022 00:00;;;;
CS716000000247;0;BP716000000025;0;;;RF000000000297;71153/USZ/PT 601534;29/08/2022 00:00;;;;
CS716000000248;12;BP716000000028;1;;;RF000000000191;71153/USZ/PT 601535;29/08/2022 00:00;;;;
CS716000000249;12;BP716000000034;1;;;RF000000000191;71153/USZ/PT 601536;29/08/2022 00:00;;;;
CS716000000250;0;BP716000000034;0;;;RF000000000297;71153/USZ/PT 601536;29/08/2022 00:00;;;;
CS716000000251;12;BP716000000035;1;;;RF000000000191;71153/USZ/PT 601537;29/08/2022 00:00;;;;
CS716000000252;12;BP716000000033;1;;;RF000000000191;71153/USZ/PT 601538;29/08/2022 00:00;;;;
CS716000000253;12;BP716000000032;1;;;RF000000000191;71153/USZ/PT 601539;29/08/2022 00:00;;;;
CS716000000254;12;BP716000000031;1;;;RF000000000191;71153/USZ/PT 601540;29/08/2022 00:00;;;;
CS716000000255;12;BP716000000104;1;;;RF000000000191;71153/USZ/PT 601541;29/08/2022 00:00;;;;
CS716000000256;12;BP716000000104;2;;;RF000000000191;71153/USZ/PT 601541;29/08/2022 00:00;;;;
CS716000000257;12;BP716000000104;3;;;RF000000000191;71153/USZ/PT 601541;29/08/2022 00:00;;;;
CS716000000258;12;BP716000000104;4;;;RF000000000191;71153/USZ/PT 601541;29/08/2022 00:00;;;;
CS716000000259;12;BP716000000104;5;;;RF000000000191;71153/USZ/PT 601541;29/08/2022 00:00;;;;
CS716000000260;12;BP716000000104;6;;;RF000000000191;71153/USZ/PT 601541;29/08/2022 00:00;;;;
CS716000000261;12;BP716000000104;7;;;RF000000000191;71153/USZ/PT 601541;29/08/2022 00:00;;;;
CS716000000262;0;BP716000000104;0;;;RF000000000297;71153/USZ/PT 601541;29/08/2022 00:00;;;;
CS716000000275;12;BP716000000105;1;;;RF000000000191;71153/USZ/PT 601542;29/08/2022 00:00;;;;
CS716000000276;12;BP716000000105;2;;;RF000000000191;71153/USZ/PT 601542;29/08/2022 00:00;;;;
CS716000000277;12;BP716000000105;3;;;RF000000000191;71153/USZ/PT 601542;29/08/2022 00:00;;;;
CS716000000278;12;BP716000000105;4;;;RF000000000191;71153/USZ/PT 601542;29/08/2022 00:00;;;;
CS716000000279;12;BP716000000105;5;;;RF000000000191;71153/USZ/PT 601542;29/08/2022 00:00;;;;
CS716000000280;12;BP716000000105;6;;;RF000000000191;71153/USZ/PT 601542;29/08/2022 00:00;;;;
CS716000000281;12;BP716000000105;7;;;RF000000000191;71153/USZ/PT 601542;29/08/2022 00:00;;;;
CS716000000282;12;BP716000000105;8;;;RF000000000191;71153/USZ/PT 601542;29/08/2022 00:00;;;;
CS716000000283;12;BP716000000105;9;;;RF000000000191;71153/USZ/PT 601542;29/08/2022 00:00;;;;
CS716000000284;12;BP716000000105;10;;;RF000000000191;71153/USZ/PT 601542;29/08/2022 00:00;;;;
CS716000000285;12;BP716000000105;11;;;RF000000000191;71153/USZ/PT 601542;29/08/2022 00:00;;;;
CS716000000286;12;BP716000000105;12;;;RF000000000191;71153/USZ/PT 601542;29/08/2022 00:00;;;;
CS716000000287;12;BP716000000105;13;;;RF000000000191;71153/USZ/PT 601542;29/08/2022 00:00;;;;
CS716000000288;12;BP716000000064;1;;;RF000000000191;71153/USZ/PT 601543;29/08/2022 00:00;;;;
CS716000000289;0;BP716000000064;0;;;RF000000000297;71153/USZ/PT 601543;29/08/2022 00:00;;;;
CS716000000294;12;BP716000000072;1;;;RF000000000191;71153/USZ/PT 601544;29/08/2022 00:00;;;;
CS716000000295;0;BP716000000072;0;;;RF000000000297;71153/USZ/PT 601544;29/08/2022 00:00;;;;
CS716000000299;12;BP716000000071;1;;;RF000000000191;71153/USZ/PT 601545;29/08/2022 00:00;;;;
CS716000000300;0;BP716000000071;0;;;RF000000000297;71153/USZ/PT 601545;29/08/2022 00:00;;;;
CS716000000303;12;BP716000000073;1;;;RF000000000191;71153/USZ/PT 601546;29/08/2022 00:00;;;;
CS716000000304;0;BP716000000073;0;;;RF000000000297;71153/USZ/PT 601546;29/08/2022 00:00;;;;
CS716000000306;12;BP716000000074;1;;;RF000000000191;71153/USZ/PT 601547;29/08/2022 00:00;;;;
CS716000000307;0;BP716000000074;0;;;RF000000000297;71153/USZ/PT 601547;29/08/2022 00:00;;;;
CS716000000308;12;BP716000000075;1;;;RF000000000191;71153/USZ/PT 601548;29/08/2022 00:00;;;;
CS716000000309;12;BP716000000068;1;;;RF000000000191;71153/USZ/PT 601549;29/08/2022 00:00;;;;
CS716000000310;0;BP716000000068;0;;;RF000000000297;71153/USZ/PT 601549;29/08/2022 00:00;;;;
CS716000000312;12;BP716000000065;1;;;RF000000000191;71153/USZ/PT 601550;29/08/2022 00:00;;;;
CS716000000313;0;BP716000000065;0;;;RF000000000297;71153/USZ/PT 601550;29/08/2022 00:00;;;;
CS716000000315;12;BP716000000069;1;;;RF000000000191;71153/USZ/PT 601551;29/08/2022 00:00;;;;
CS716000000316;0;BP716000000069;0;;;RF000000000297;71153/USZ/PT 601551;29/08/2022 00:00;;;;
CS716000000317;12;BP716000000070;1;;;RF000000000191;71153/USZ/PT 601552;29/08/2022 00:00;;;;
CS716000000318;12;BP716000000054;1;;;RF000000000191;71153/USZ/PT 601553;29/08/2022 00:00;;;;
CS716000000319;0;BP716000000054;0;;;RF000000000297;71153/USZ/PT 601553;29/08/2022 00:00;;;;
CS716000000320;12;BP716000000052;1;;;RF000000000191;71153/USZ/PT 601554;29/08/2022 00:00;;;;
CS716000000321;12;BP716000000063;1;;;RF000000000191;71153/USZ/PT 601555;29/08/2022 00:00;;;;
CS716000000322;12;BP716000000053;1;;;RF000000000191;71153/USZ/PT 601556;29/08/2022 00:00;;;;
CS716000000323;12;BP716000000022;1;;;RF000000000191;71153/USZ/PT 601557;29/08/2022 00:00;;;;
CS716000000324;0;BP716000000022;0;;;RF000000000297;71153/USZ/PT 601557;29/08/2022 00:00;;;;
CS716000000326;12;BP716000000021;1;;;RF000000000191;71153/USZ/PT 601558;29/08/2022 00:00;;;;
CS716000000327;0;BP716000000021;0;;;RF000000000297;71153/USZ/PT 601558;29/08/2022 00:00;;;;
CS716000000328;12;BP716000000019;1;;;RF000000000191;71153/USZ/PT 601559;29/08/2022 00:00;;;;
CS716000000329;12;BP716000000023;1;;;RF000000000191;71153/USZ/PT 601560;29/08/2022 00:00;;;;
CS716000000330;12;BP716000000024;1;;;RF000000000191;71153/USZ/PT 601561;29/08/2022 00:00;;;;
CS716000000331;12;BP716000000051;1;;;RF000000000191;71153/USZ/PT 601562;29/08/2022 00:00;;;;
CS716000000332;12;BP716000000050;1;;;RF000000000191;71153/USZ/PT 601563;29/08/2022 00:00;;;;
CS716000000333;12;BP716000000103;1;;;RF000000000191;71153/USZ/PT 601564;29/08/2022 00:00;;;;
CS716000000334;12;BP716000000103;2;;;RF000000000191;71153/USZ/PT 601564;29/08/2022 00:00;;;;
CS716000000335;12;BP716000000103;3;;;RF000000000191;71153/USZ/PT 601564;29/08/2022 00:00;;;;
CS716000000336;12;BP716000000103;4;;;RF000000000191;71153/USZ/PT 601564;29/08/2022 00:00;;;;
CS716000000337;12;BP716000000103;5;;;RF000000000191;71153/USZ/PT 601564;29/08/2022 00:00;;;;
CS716000000338;12;BP716000000103;6;;;RF000000000191;71153/USZ/PT 601564;29/08/2022 00:00;;;;
CS716000000339;12;BP716000000086;1;;;RF000000000191;71153/USZ/PT 601565;29/08/2022 00:00;;;;
CS716000000340;0;BP716000000086;0;;;RF000000000297;71153/USZ/PT 601565;29/08/2022 00:00;;;;
CS716000000344;12;BP716000000088;1;;;RF000000000191;71153/USZ/PT 601566;29/08/2022 00:00;;;;
CS716000000345;12;BP716000000088;2;;;RF000000000191;71153/USZ/PT 601566;29/08/2022 00:00;;;;
CS716000000346;0;BP716000000088;0;;;RF000000000297;71153/USZ/PT 601566;29/08/2022 00:00;;;;
CS716000000349;12;BP716000000087;1;;;RF000000000191;71153/USZ/PT 601567;29/08/2022 00:00;;;;
CS716000000353;12;BP716000000093;1;;;RF000000000191;71153/USZ/PT 601568;29/08/2022 00:00;;;;
CS716000000354;0;BP716000000093;0;;;RF000000000297;71153/USZ/PT 601568;29/08/2022 00:00;;;;
CS716000000356;12;BP716000000089;1;;;RF000000000191;71153/USZ/PT 601569;29/08/2022 00:00;;;;
CS716000000357;0;BP716000000089;0;;;RF000000000297;71153/USZ/PT 601569;29/08/2022 00:00;;;;
CS716000000358;12;BP716000000090;1;;;RF000000000191;71153/USZ/PT 601570;29/08/2022 00:00;;;;
CS716000000359;0;BP716000000090;0;;;RF000000000297;71153/USZ/PT 601570;29/08/2022 00:00;;;;
CS716000000360;12;BP716000000091;1;;;RF000000000191;71153/USZ/PT 601571;29/08/2022 00:00;;;;
CS716000000361;12;BP716000000092;1;;;RF000000000191;71153/USZ/PT 601572;29/08/2022 00:00;;;;
CS716000000362;12;BP716000000094;1;;;RF000000000191;71153/USZ/PT 601573;29/08/2022 00:00;;;;
CS716000000363;12;BP716000000013;1;;;RF000000000191;71153/USZ/PT 601574;29/08/2022 00:00;;;;
