bp_code;bp_etiquet;bp_codeext;bp_pt_code;bp_lt_code;bp_sf_code;bp_prop;bp_gest;bp_user;bp_proptyp;bp_statut;bp_etat;bp_occp;bp_datemes;bp_avct;bp_typephy;bp_typelog;bp_rf_code;bp_entrees;bp_ref_kit;bp_ca_nb;bp_nb_pas;bp_linecod;bp_oc_code;bp_racco;bp_comment;bp_creadat;bp_majdate;bp_majsrc;bp_abddate;bp_abdsrc
BP716000000098;"CD71 ; BPE - PT 601470USZ";71153/USZ/PT 601470;PT716000000217;;;OR710000000571;OR000000000005;;CST;REC;OK;1.1;;E;B144;BPE;RF000000000024;;;7;;;;;;29/08/2022 00:00;;;;
BP716000000099;"CD71 ; BPE - PT 601471USZ";71153/USZ/PT 601471;PT716000000010;;;OR710000000571;OR000000000005;;CST;REC;OK;1.1;;E;B144;BPE;RF000000000024;;;14;;;;;;29/08/2022 00:00;;;;
BP716000000014;"CD71 ; PBO - PT 601472USZ";71153/USZ/PT 601472;PT716000000070;;;OR710000000571;OR000000000005;;CST;REC;OK;1.1;;E;B006;PBO;RF000000000017;;;1;;;;;;29/08/2022 00:00;;;;
BP716000000015;"CD71 ; PBO - PT 601473USZ";71153/USZ/PT 601473;PT716000000199;;;OR710000000571;OR000000000005;;CST;REC;OK;1.1;;E;B006;PBO;RF000000000017;;;1;;;;;;29/08/2022 00:00;;;;
BP716000000012;"CD71 ; PBO - PT 601474USZ";71153/USZ/PT 601474;PT716000000068;;;OR710000000571;OR000000000005;;CST;REC;OK;1.1;;E;B006;PBO;RF000000000017;;;1;;;;;;29/08/2022 00:00;;;;
BP716000000006;"CD71 ; PBO - PT 601475USZ";71153/USZ/PT 601475;PT716000000010;;;OR710000000571;OR000000000005;;CST;REC;OK;1.1;;E;B006;PBO;RF000000000017;;;1;;;;;;29/08/2022 00:00;;;;
BP716000000007;"CD71 ; PBO - PT 601476USZ";71153/USZ/PT 601476;PT716000000155;;;OR710000000571;OR000000000005;;CST;REC;OK;1.1;;E;B006;PBO;RF000000000017;;;1;;;;;;29/08/2022 00:00;;;;
BP716000000008;"CD71 ; PBO - PT 601477USZ";71153/USZ/PT 601477;PT716000000107;;;OR710000000571;OR000000000005;;CST;REC;OK;1.1;;E;B006;PBO;RF000000000017;;;1;;;;;;29/08/2022 00:00;;;;
BP716000000009;"CD71 ; PBO - PT 601478USZ";71153/USZ/PT 601478;PT716000000114;;;OR710000000571;OR000000000005;;CST;REC;OK;1.1;;E;B006;PBO;RF000000000017;;;1;;;;;;29/08/2022 00:00;;;;
BP716000000010;"CD71 ; PBO - PT 601479USZ";71153/USZ/PT 601479;PT716000000153;;;OR710000000571;OR000000000005;;CST;REC;OK;1.1;;E;B006;PBO;RF000000000017;;;1;;;;;;29/08/2022 00:00;;;;
BP716000000011;"CD71 ; PBO - PT 601480USZ";71153/USZ/PT 601480;PT716000000198;;;OR710000000571;OR000000000005;;CST;REC;OK;1.1;;E;B006;PBO;RF000000000017;;;1;;;;;;29/08/2022 00:00;;;;
BP716000000004;"CD71 ; PBO - PT 601481USZ";71153/USZ/PT 601481;PT716000000123;;;OR710000000571;OR000000000005;;CST;REC;OK;1.1;;E;B006;PBO;RF000000000017;;;1;;;;;;29/08/2022 00:00;;;;
BP716000000005;"CD71 ; PBO - PT 601482USZ";71153/USZ/PT 601482;PT716000000213;;;OR710000000571;OR000000000005;;CST;REC;OK;1.1;;E;B006;PBO;RF000000000017;;;1;;;;;;29/08/2022 00:00;;;;
BP716000000016;"CD71 ; PBO - PT 601483USZ";71153/USZ/PT 601483;PT716000000193;;;OR710000000571;OR000000000005;;CST;REC;OK;1.1;;E;B006;PBO;RF000000000017;;;1;;;;;;29/08/2022 00:00;;;;
BP716000000017;"CD71 ; PBO - PT 601484USZ";71153/USZ/PT 601484;PT716000000194;;;OR710000000571;OR000000000005;;CST;REC;OK;1.1;;E;B006;PBO;RF000000000017;;;1;;;;;;29/08/2022 00:00;;;;
BP716000000095;"CD71 ; PBO - PT 601485USZ";71153/USZ/PT 601485;PT716000000007;;;OR710000000571;OR000000000005;;CST;REC;OK;1.1;;E;B006;PBO;RF000000000017;;;1;;;;;;29/08/2022 00:00;;;;
BP716000000096;"CD71 ; PBO - PT 601486USZ";71153/USZ/PT 601486;PT716000000006;;;OR710000000571;OR000000000005;;CST;REC;OK;1.1;;E;B006;PBO;RF000000000017;;;1;;;;;;29/08/2022 00:00;;;;
BP716000000097;"CD71 ; PBO - PT 601487USZ";71153/USZ/PT 601487;PT716000000024;;;OR710000000571;OR000000000005;;CST;REC;OK;1.1;;E;B006;PBO;RF000000000017;;;1;;;;;;29/08/2022 00:00;;;;
BP716000000001;"CD71 ; PBO - PT 601488USZ";71153/USZ/PT 601488;PT716000000031;;;OR710000000571;OR000000000005;;CST;REC;OK;1.1;;E;B006;PBO;RF000000000017;;;1;;;;;;29/08/2022 00:00;;;;
BP716000000002;"CD71 ; PBO - PT 601489USZ";71153/USZ/PT 601489;PT716000000122;;;OR710000000571;OR000000000005;;CST;REC;OK;1.1;;E;B006;PBO;RF000000000017;;;1;;;;;;29/08/2022 00:00;;;;
BP716000000003;"CD71 ; PBO - PT 601490USZ";71153/USZ/PT 601490;PT716000000201;;;OR710000000571;OR000000000005;;CST;REC;OK;1.1;;E;B006;PBO;RF000000000017;;;1;;;;;;29/08/2022 00:00;;;;
BP716000000020;"CD71 ; PBO R - PT 601491USZ";71153/USZ/PT 601491;PT716000000099;;;OR710000000571;OR000000000005;;CST;REC;OK;1.1;;E;B006;PBO;RF000000000017;;;1;;;;;;29/08/2022 00:00;;;;
BP716000000018;"CD71 ; PBO R - PT 601492USZ";71153/USZ/PT 601492;PT716000000096;;;OR710000000571;OR000000000005;;CST;REC;OK;1.1;;E;B006;PBO;RF000000000017;;;1;;;;;;29/08/2022 00:00;;;;
BP716000000100;"CD71 ; BPE - PT 601493USZ";71153/USZ/PT 601493;PT716000000026;;;OR710000000571;OR000000000005;;CST;REC;OK;1.1;;E;B144;BPE;RF000000000024;;;20;;;;;;29/08/2022 00:00;;;;
BP716000000076;"CD71 ; PBO - PT 601494USZ";71153/USZ/PT 601494;PT716000000154;;;OR710000000571;OR000000000005;;CST;REC;OK;1.1;;E;B006;PBO;RF000000000017;;;1;;;;;;29/08/2022 00:00;;;;
BP716000000077;"CD71 ; PBO - PT 601495USZ";71153/USZ/PT 601495;PT716000000177;;;OR710000000571;OR000000000005;;CST;REC;OK;1.1;;E;B006;PBO;RF000000000017;;;1;;;;;;29/08/2022 00:00;;;;
BP716000000080;"CD71 ; PBO - PT 601496USZ";71153/USZ/PT 601496;PT716000000178;;;OR710000000571;OR000000000005;;CST;REC;OK;1.1;;E;B006;PBO;RF000000000017;;;1;;;;;;29/08/2022 00:00;;;;
BP716000000082;"CD71 ; PBO - PT 601497USZ";71153/USZ/PT 601497;PT716000000111;;;OR710000000571;OR000000000005;;CST;REC;OK;1.1;;E;B006;PBO;RF000000000017;;;1;;;;;;29/08/2022 00:00;;;;
BP716000000083;"CD71 ; PBO - PT 601498USZ";71153/USZ/PT 601498;PT716000000112;;;OR710000000571;OR000000000005;;CST;REC;OK;1.1;;E;B006;PBO;RF000000000017;;;1;;;;;;29/08/2022 00:00;;;;
BP716000000085;"CD71 ; PBO - PT 601499USZ";71153/USZ/PT 601499;PT716000000202;;;OR710000000571;OR000000000005;;CST;REC;OK;1.1;;E;B006;PBO;RF000000000017;;;1;;;;;;29/08/2022 00:00;;;;
BP716000000060;"CD71 ; PBO - PT 601500USZ";71153/USZ/PT 601500;PT716000000021;;;OR710000000571;OR000000000005;;CST;REC;OK;1.1;;E;B006;PBO;RF000000000017;;;1;;;;;;29/08/2022 00:00;;;;
BP716000000066;"CD71 ; PBO - PT 601501USZ";71153/USZ/PT 601501;PT716000000109;;;OR710000000571;OR000000000005;;CST;REC;OK;1.1;;E;B006;PBO;RF000000000017;;;1;;;;;;29/08/2022 00:00;;;;
BP716000000067;"CD71 ; PBO - PT 601502USZ";71153/USZ/PT 601502;PT716000000145;;;OR710000000571;OR000000000005;;CST;REC;OK;1.1;;E;B006;PBO;RF000000000017;;;1;;;;;;29/08/2022 00:00;;;;
BP716000000061;"CD71 ; PBO - PT 601503USZ";71153/USZ/PT 601503;PT716000000203;;;OR710000000571;OR000000000005;;CST;REC;OK;1.1;;E;B006;PBO;RF000000000017;;;1;;;;;;29/08/2022 00:00;;;;
BP716000000078;"CD71 ; PBO - PT 601504USZ";71153/USZ/PT 601504;PT716000000132;;;OR710000000571;OR000000000005;;CST;REC;OK;1.1;;E;B006;PBO;RF000000000017;;;1;;;;;;29/08/2022 00:00;;;;
BP716000000079;"CD71 ; PBO - PT 601505USZ";71153/USZ/PT 601505;PT716000000133;;;OR710000000571;OR000000000005;;CST;REC;OK;1.1;;E;B006;PBO;RF000000000017;;;1;;;;;;29/08/2022 00:00;;;;
BP716000000081;"CD71 ; PBO - PT 601506USZ";71153/USZ/PT 601506;PT716000000174;;;OR710000000571;OR000000000005;;CST;REC;OK;1.1;;E;B006;PBO;RF000000000017;;;1;;;;;;29/08/2022 00:00;;;;
BP716000000084;"CD71 ; PBO - PT 601507USZ";71153/USZ/PT 601507;PT716000000172;;;OR710000000571;OR000000000005;;CST;REC;OK;1.1;;E;B006;PBO;RF000000000017;;;1;;;;;;29/08/2022 00:00;;;;
BP716000000056;"CD71 ; PBO - PT 601508USZ";71153/USZ/PT 601508;PT716000000115;;;OR710000000571;OR000000000005;;CST;REC;OK;1.1;;E;B006;PBO;RF000000000017;;;1;;;;;;29/08/2022 00:00;;;;
BP716000000055;"CD71 ; PBO - PT 601509USZ";71153/USZ/PT 601509;PT716000000207;;;OR710000000571;OR000000000005;;CST;REC;OK;1.1;;E;B006;PBO;RF000000000017;;;1;;;;;;29/08/2022 00:00;;;;
BP716000000057;"CD71 ; PBO - PT 601510USZ";71153/USZ/PT 601510;PT716000000105;;;OR710000000571;OR000000000005;;CST;REC;OK;1.1;;E;B006;PBO;RF000000000017;;;1;;;;;;29/08/2022 00:00;;;;
BP716000000058;"CD71 ; PBO - PT 601511USZ";71153/USZ/PT 601511;PT716000000118;;;OR710000000571;OR000000000005;;CST;REC;OK;1.1;;E;B006;PBO;RF000000000017;;;1;;;;;;29/08/2022 00:00;;;;
BP716000000062;"CD71 ; PBO - PT 601512USZ";71153/USZ/PT 601512;PT716000000063;;;OR710000000571;OR000000000005;;CST;REC;OK;1.1;;E;B006;PBO;RF000000000017;;;1;;;;;;29/08/2022 00:00;;;;
BP716000000059;"CD71 ; PBO - PT 601513USZ";71153/USZ/PT 601513;PT716000000100;;;OR710000000571;OR000000000005;;CST;REC;OK;1.1;;E;B006;PBO;RF000000000017;;;1;;;;;;29/08/2022 00:00;;;;
BP716000000101;"CD71 ; BPE - PT 601514USZ";71153/USZ/PT 601514;PT716000000005;;;OR710000000571;OR000000000005;;CST;REC;OK;1.1;;E;B144;BPE;RF000000000024;;;24;;;;;;29/08/2022 00:00;;;;
BP716000000102;"CD71 ; BPE - PT 601515USZ";71153/USZ/PT 601515;PT716000000033;;;OR710000000571;OR000000000005;;CST;REC;OK;1.1;;E;B048;BPE;RF000000000021;;;8;;;;;;29/08/2022 00:00;;;;
BP716000000036;"CD71 ; PBO - PT 601516USZ";71153/USZ/PT 601516;PT716000000033;;;OR710000000571;OR000000000005;;CST;REC;OK;1.1;;E;B006;PBO;RF000000000017;;;1;;;;;;29/08/2022 00:00;;;;
BP716000000044;"CD71 ; PBO - PT 601517USZ";71153/USZ/PT 601517;PT716000000097;;;OR710000000571;OR000000000005;;CST;REC;OK;1.1;;E;B006;PBO;RF000000000017;;;1;;;;;;29/08/2022 00:00;;;;
BP716000000046;"CD71 ; PBO - PT 601518USZ";71153/USZ/PT 601518;PT716000000098;;;OR710000000571;OR000000000005;;CST;REC;OK;1.1;;E;B006;PBO;RF000000000017;;;1;;;;;;29/08/2022 00:00;;;;
BP716000000048;"CD71 ; PBO - PT 601519USZ";71153/USZ/PT 601519;PT716000000125;;;OR710000000571;OR000000000005;;CST;REC;OK;1.1;;E;B006;PBO;RF000000000017;;;1;;;;;;29/08/2022 00:00;;;;
BP716000000045;"CD71 ; PBO R - PT 601520USZ";71153/USZ/PT 601520;PT716000000184;;;OR710000000571;OR000000000005;;CST;REC;OK;1.1;;E;B006;PBO;RF000000000017;;;1;;;;;;29/08/2022 00:00;;;;
BP716000000047;"CD71 ; PBO - PT 601521USZ";71153/USZ/PT 601521;PT716000000185;;;OR710000000571;OR000000000005;;CST;REC;OK;1.1;;E;B006;PBO;RF000000000017;;;1;;;;;;29/08/2022 00:00;;;;
BP716000000049;"CD71 ; PBO R - PT 601522USZ";71153/USZ/PT 601522;PT716000000187;;;OR710000000571;OR000000000005;;CST;REC;OK;1.1;;E;B006;PBO;RF000000000017;;;1;;;;;;29/08/2022 00:00;;;;
BP716000000037;"CD71 ; PBO - PT 601523USZ";71153/USZ/PT 601523;PT716000000113;;;OR710000000571;OR000000000005;;CST;REC;OK;1.1;;E;B006;PBO;RF000000000017;;;1;;;;;;29/08/2022 00:00;;;;
BP716000000038;"CD71 ; PBO - PT 601524USZ";71153/USZ/PT 601524;PT716000000183;;;OR710000000571;OR000000000005;;CST;REC;OK;1.1;;E;B006;PBO;RF000000000017;;;1;;;;;;29/08/2022 00:00;;;;
BP716000000041;"CD71 ; PBO - PT 601525USZ";71153/USZ/PT 601525;PT716000000190;;;OR710000000571;OR000000000005;;CST;REC;OK;1.1;;E;B006;PBO;RF000000000017;;;1;;;;;;29/08/2022 00:00;;;;
BP716000000042;"CD71 ; PBO - PT 601526USZ";71153/USZ/PT 601526;PT716000000189;;;OR710000000571;OR000000000005;;CST;REC;OK;1.1;;E;B006;PBO;RF000000000017;;;1;;;;;;29/08/2022 00:00;;;;
BP716000000043;"CD71 ; PBO - PT 601527USZ";71153/USZ/PT 601527;PT716000000188;;;OR710000000571;OR000000000005;;CST;REC;OK;1.1;;E;B006;PBO;RF000000000017;;;1;;;;;;29/08/2022 00:00;;;;
BP716000000026;"CD71 ; PBO - PT 601528USZ";71153/USZ/PT 601528;PT716000000166;;;OR710000000571;OR000000000005;;CST;REC;OK;1.1;;E;B006;PBO;RF000000000017;;;1;;;;;;29/08/2022 00:00;;;;
BP716000000027;"CD71 ; PBO - PT 601529USZ";71153/USZ/PT 601529;PT716000000165;;;OR710000000571;OR000000000005;;CST;REC;OK;1.1;;E;B006;PBO;RF000000000017;;;1;;;;;;29/08/2022 00:00;;;;
BP716000000030;"CD71 ; PBO - PT 601530USZ";71153/USZ/PT 601530;PT716000000164;;;OR710000000571;OR000000000005;;CST;REC;OK;1.1;;E;B006;PBO;RF000000000017;;;1;;;;;;29/08/2022 00:00;;;;
BP716000000029;"CD71 ; PBO - PT 601531USZ";71153/USZ/PT 601531;PT716000000163;;;OR710000000571;OR000000000005;;CST;REC;OK;1.1;;E;B006;PBO;RF000000000017;;;1;;;;;;29/08/2022 00:00;;;;
BP716000000040;"CD71 ; PBO - PT 601532USZ";71153/USZ/PT 601532;PT716000000064;;;OR710000000571;OR000000000005;;CST;REC;OK;1.1;;E;B006;PBO;RF000000000017;;;1;;;;;;29/08/2022 00:00;;;;
BP716000000039;"CD71 ; PBO - PT 601533USZ";71153/USZ/PT 601533;PT716000000106;;;OR710000000571;OR000000000005;;CST;REC;OK;1.1;;E;B006;PBO;RF000000000017;;;1;;;;;;29/08/2022 00:00;;;;
BP716000000025;"CD71 ; PBO - PT 601534USZ";71153/USZ/PT 601534;PT716000000103;;;OR710000000571;OR000000000005;;CST;REC;OK;1.1;;E;B006;PBO;RF000000000017;;;1;;;;;;29/08/2022 00:00;;;;
BP716000000028;"CD71 ; PBO - PT 601535USZ";71153/USZ/PT 601535;PT716000000128;;;OR710000000571;OR000000000005;;CST;REC;OK;1.1;;E;B006;PBO;RF000000000017;;;1;;;;;;29/08/2022 00:00;;;;
BP716000000034;"CD71 ; PBO - PT 601536USZ";71153/USZ/PT 601536;PT716000000180;;;OR710000000571;OR000000000005;;CST;REC;OK;1.1;;E;B006;PBO;RF000000000017;;;1;;;;;;29/08/2022 00:00;;;;
BP716000000035;"CD71 ; PBO - PT 601537USZ";71153/USZ/PT 601537;PT716000000181;;;OR710000000571;OR000000000005;;CST;REC;OK;1.1;;E;B006;PBO;RF000000000017;;;1;;;;;;29/08/2022 00:00;;;;
BP716000000033;"CD71 ; PBO - PT 601538USZ";71153/USZ/PT 601538;PT716000000205;;;OR710000000571;OR000000000005;;CST;REC;OK;1.1;;E;B006;PBO;RF000000000017;;;1;;;;;;29/08/2022 00:00;;;;
BP716000000032;"CD71 ; PBO - PT 601539USZ";71153/USZ/PT 601539;PT716000000200;;;OR710000000571;OR000000000005;;CST;REC;OK;1.1;;E;B006;PBO;RF000000000017;;;1;;;;;;29/08/2022 00:00;;;;
BP716000000031;"CD71 ; PBO - PT 601540USZ";71153/USZ/PT 601540;PT716000000018;;;OR710000000571;OR000000000005;;CST;REC;OK;1.1;;E;B006;PBO;RF000000000017;;;1;;;;;;29/08/2022 00:00;;;;
BP716000000104;"CD71 ; BPE - PT 601541USZ";71153/USZ/PT 601541;PT716000000008;;;OR710000000571;OR000000000005;;CST;REC;OK;1.1;;E;B144;BPE;RF000000000024;;;7;;;;;;29/08/2022 00:00;;;;
BP716000000105;"CD71 ; BPE - PT 601542USZ";71153/USZ/PT 601542;PT716000000035;;;OR710000000571;OR000000000005;;CST;REC;OK;1.1;;E;B144;BPE;RF000000000024;;;13;;;;;;29/08/2022 00:00;;;;
BP716000000064;"CD71 ; PBO - PT 601543USZ";71153/USZ/PT 601543;PT716000000157;;;OR710000000571;OR000000000005;;CST;REC;OK;1.1;;E;B006;PBO;RF000000000017;;;1;;;;;;29/08/2022 00:00;;;;
BP716000000072;"CD71 ; PBO - PT 601544USZ";71153/USZ/PT 601544;PT716000000042;;;OR710000000571;OR000000000005;;CST;REC;OK;1.1;;E;B006;PBO;RF000000000017;;;1;;;;;;29/08/2022 00:00;;;;
BP716000000071;"CD71 ; PBO - PT 601545USZ";71153/USZ/PT 601545;PT716000000089;;;OR710000000571;OR000000000005;;CST;REC;OK;1.1;;E;B006;PBO;RF000000000017;;;1;;;;;;29/08/2022 00:00;;;;
BP716000000073;"CD71 ; PBO - PT 601546USZ";71153/USZ/PT 601546;PT716000000170;;;OR710000000571;OR000000000005;;CST;REC;OK;1.1;;E;B006;PBO;RF000000000017;;;1;;;;;;29/08/2022 00:00;;;;
BP716000000074;"CD71 ; PBO - PT 601547USZ";71153/USZ/PT 601547;PT716000000088;;;OR710000000571;OR000000000005;;CST;REC;OK;1.1;;E;B006;PBO;RF000000000017;;;1;;;;;;29/08/2022 00:00;;;;
BP716000000075;"CD71 ; PBO - PT 601548USZ";71153/USZ/PT 601548;PT716000000169;;;OR710000000571;OR000000000005;;CST;REC;OK;1.1;;E;B006;PBO;RF000000000017;;;1;;;;;;29/08/2022 00:00;;;;
BP716000000068;"CD71 ; PBO R - PT 601549USZ";71153/USZ/PT 601549;PT716000000156;;;OR710000000571;OR000000000005;;CST;REC;OK;1.1;;E;B006;PBO;RF000000000017;;;1;;;;;;29/08/2022 00:00;;;;
BP716000000065;"CD71 ; PBO - PT 601550USZ";71153/USZ/PT 601550;PT716000000086;;;OR710000000571;OR000000000005;;CST;REC;OK;1.1;;E;B006;PBO;RF000000000017;;;1;;;;;;29/08/2022 00:00;;;;
BP716000000069;"CD71 ; PBO - PT 601551USZ";71153/USZ/PT 601551;PT716000000066;;;OR710000000571;OR000000000005;;CST;REC;OK;1.1;;E;B006;PBO;RF000000000017;;;1;;;;;;29/08/2022 00:00;;;;
BP716000000070;"CD71 ; PBO R - PT 601552USZ";71153/USZ/PT 601552;PT716000000195;;;OR710000000571;OR000000000005;;CST;REC;OK;1.1;;E;B006;PBO;RF000000000017;;;1;;;;;;29/08/2022 00:00;;;;
BP716000000054;"CD71 ; PBO - PT 601553USZ";71153/USZ/PT 601553;PT716000000146;;;OR710000000571;OR000000000005;;CST;REC;OK;1.1;;E;B006;PBO;RF000000000017;;;1;;;;;;29/08/2022 00:00;;;;
BP716000000052;"CD71 ; PBO - PT 601554USZ";71153/USZ/PT 601554;PT716000000211;;;OR710000000571;OR000000000005;;CST;REC;OK;1.1;;E;B006;PBO;RF000000000017;;;1;;;;;;29/08/2022 00:00;;;;
BP716000000063;"CD71 ; PBO - PT 601555USZ";71153/USZ/PT 601555;PT716000000171;;;OR710000000571;OR000000000005;;CST;REC;OK;1.1;;E;B006;PBO;RF000000000017;;;1;;;;;;29/08/2022 00:00;;;;
BP716000000053;"CD71 ; PBO - PT 601556USZ";71153/USZ/PT 601556;PT716000000209;;;OR710000000571;OR000000000005;;CST;REC;OK;1.1;;E;B006;PBO;RF000000000017;;;1;;;;;;29/08/2022 00:00;;;;
BP716000000022;"CD71 ; PBO - PT 601557USZ";71153/USZ/PT 601557;PT716000000121;;;OR710000000571;OR000000000005;;CST;REC;OK;1.1;;E;B006;PBO;RF000000000017;;;1;;;;;;29/08/2022 00:00;;;;
BP716000000021;"CD71 ; PBO - PT 601558USZ";71153/USZ/PT 601558;PT716000000168;;;OR710000000571;OR000000000005;;CST;REC;OK;1.1;;E;B006;PBO;RF000000000017;;;1;;;;;;29/08/2022 00:00;;;;
BP716000000019;"CD71 ; PBO - PT 601559USZ";71153/USZ/PT 601559;PT716000000108;;;OR710000000571;OR000000000005;;CST;REC;OK;1.1;;E;B006;PBO;RF000000000017;;;1;;;;;;29/08/2022 00:00;;;;
BP716000000023;"CD71 ; PBO - PT 601560USZ";71153/USZ/PT 601560;PT716000000120;;;OR710000000571;OR000000000005;;CST;REC;OK;1.1;;E;B006;PBO;RF000000000017;;;1;;;;;;29/08/2022 00:00;;;;
BP716000000024;"CD71 ; PBO - PT 601561USZ";71153/USZ/PT 601561;PT716000000119;;;OR710000000571;OR000000000005;;CST;REC;OK;1.1;;E;B006;PBO;RF000000000017;;;1;;;;;;29/08/2022 00:00;;;;
BP716000000051;"CD71 ; PBO - PT 601562USZ";71153/USZ/PT 601562;PT716000000117;;;OR710000000571;OR000000000005;;CST;REC;OK;1.1;;E;B006;PBO;RF000000000017;;;1;;;;;;29/08/2022 00:00;;;;
BP716000000050;"CD71 ; PBO - PT 601563USZ";71153/USZ/PT 601563;PT716000000104;;;OR710000000571;OR000000000005;;CST;REC;OK;1.1;;E;B006;PBO;RF000000000017;;;1;;;;;;29/08/2022 00:00;;;;
BP716000000103;"CD71 ; BPE - PT 601564USZ";71153/USZ/PT 601564;PT716000000002;;;OR710000000571;OR000000000005;;CST;REC;OK;1.1;;E;B036;BPE;RF000000000020;;;6;;;;;;29/08/2022 00:00;;;;
BP716000000086;"CD71 ; PBO R - PT 601565USZ";71153/USZ/PT 601565;PT716000000002;;;OR710000000571;OR000000000005;;CST;REC;OK;1.1;;E;B006;PBO;RF000000000017;;;1;;;;;;29/08/2022 00:00;;;;
BP716000000088;"CD71 ; PBO R - PT 601566USZ";71153/USZ/PT 601566;PT716000000093;;;OR710000000571;OR000000000005;;CST;REC;OK;1.1;;E;B012;PBO;RF000000000018;;;2;;;;;;29/08/2022 00:00;;;;
BP716000000087;"CD71 ; PBO - PT 601567USZ";71153/USZ/PT 601567;PT716000000216;;;OR710000000571;OR000000000005;;CST;REC;OK;1.1;;E;B006;PBO;RF000000000017;;;1;;;;;;29/08/2022 00:00;;;;
BP716000000093;"CD71 ; PBO - PT 601568USZ";71153/USZ/PT 601568;PT716000000072;;;OR710000000571;OR000000000005;;CST;REC;OK;1.1;;E;B006;PBO;RF000000000017;;;1;;;;;;29/08/2022 00:00;;;;
BP716000000089;"CD71 ; PBO R - PT 601569USZ";71153/USZ/PT 601569;PT716000000092;;;OR710000000571;OR000000000005;;CST;REC;OK;1.1;;E;B006;PBO;RF000000000017;;;1;;;;;;29/08/2022 00:00;;;;
BP716000000090;"CD71 ; PBO R - PT 601570USZ";71153/USZ/PT 601570;PT716000000058;;;OR710000000571;OR000000000005;;CST;REC;OK;1.1;;E;B006;PBO;RF000000000017;;;1;;;;;;29/08/2022 00:00;;;;
BP716000000091;"CD71 ; PBO R - PT 601571USZ";71153/USZ/PT 601571;PT716000000159;;;OR710000000571;OR000000000005;;CST;REC;OK;1.1;;E;B006;PBO;RF000000000017;;;1;;;;;;29/08/2022 00:00;;;;
BP716000000092;"CD71 ; PBO R - PT 601572USZ";71153/USZ/PT 601572;PT716000000162;;;OR710000000571;OR000000000005;;CST;REC;OK;1.1;;E;B006;PBO;RF000000000017;;;1;;;;;;29/08/2022 00:00;;;;
BP716000000094;"CD71 ; PBO - PT 601573USZ";71153/USZ/PT 601573;PT716000000150;;;OR710000000571;OR000000000005;;CST;REC;OK;1.1;;E;B006;PBO;RF000000000017;;;1;;;;;;29/08/2022 00:00;;;;
BP716000000013;"CD71 ; PBO - PT 601574USZ";71153/USZ/PT 601574;PT716000000067;;;OR710000000571;OR000000000005;;CST;REC;OK;1.1;;E;B006;PBO;RF000000000017;;;1;;;;;;29/08/2022 00:00;;;;
