cb_code;cb_codeext;cb_etiquet;cb_nd1;cb_nd2;cb_r1_code;cb_r2_code;cb_r3_code;cb_r4_code;cb_prop;cb_gest;cb_user;cb_proptyp;cb_statut;cb_etat;cb_dateins;cb_datemes;cb_avct;cb_tech;cb_typephy;cb_typelog;cb_rf_code;cb_capafo;cb_fo_disp;cb_fo_util;cb_modulo;cb_diam;cb_color;cb_lgreel;cb_localis;cb_comment;cb_creadat;cb_majdate;cb_majsrc;cb_abddate;cb_abdsrc
CB716000000001;71153/USZ/TR 60 1470;"CD71-FTTH-USZ;144FO - TR 60 1470";ND716000000223;ND716000000217;CD71;NRO71153CRI;NRO71153CRI_08;;OR710000000571;OR000000000005;;CST;REC;NC;;23/03/2023;E;OPT;C;DI;RF000000000128;144;;;6;;;49.216;;;29/08/2022 00:00;;;;
CB716000000002;71153/USZ/TR 60 1471;"CD71-FTTH-USZ;144FO - TR 60 1471";ND716000000217;ND716000000010;CD71;NRO71153CRI;NRO71153CRI_08;;OR710000000571;OR000000000005;;CST;REC;NC;;23/03/2023;E;OPT;C;DI;RF000000000128;144;;;6;;;178.608;;;29/08/2022 00:00;;;;
CB716000000003;71153/USZ/TR 60 1472;"CD71-FTTH-USZ;24FO - TR 60 1472";ND716000000010;ND716000000070;CD71;NRO71153CRI;NRO71153CRI_08;;OR710000000571;OR000000000005;;CST;REC;NC;;23/03/2023;E;OPT;C;DI;RF000000000131;24;;;6;;;112.321;;;29/08/2022 00:00;;;;
CB716000000004;71153/USZ/TR 60 1473;"CD71-FTTH-USZ;24FO - TR 60 1473";ND716000000070;ND716000000199;CD71;NRO71153CRI;NRO71153CRI_08;;OR710000000571;OR000000000005;;CST;REC;NC;;23/03/2023;E;OPT;C;DI;RF000000000131;24;;;6;;;11.526;;;29/08/2022 00:00;;;;
CB716000000005;71153/USZ/TR 60 1474;"CD71-FTTH-USZ;24FO - TR 60 1474";ND716000000199;ND716000000068;CD71;NRO71153CRI;NRO71153CRI_08;;OR710000000571;OR000000000005;;CST;REC;NC;;23/03/2023;E;OPT;C;DI;RF000000000131;24;;;6;;;59.804;;;29/08/2022 00:00;;;;
CB716000000006;71153/USZ/TR 60 1574;"CD71-FTTH-USZ;24FO - TR 60 1574";ND716000000068;ND716000000067;CD71;NRO71153CRI;NRO71153CRI_08;;OR710000000571;OR000000000005;;CST;REC;NC;;23/03/2023;E;OPT;C;DI;RF000000000131;24;;;6;;;67.232;;;29/08/2022 00:00;;;;
CB716000000007;71153/USZ/TR 60 1483;"CD71-FTTH-USZ;12FO - TR 60 1483";ND716000000010;ND716000000193;CD71;NRO71153CRI;NRO71153CRI_08;;OR710000000571;OR000000000005;;CST;REC;NC;;23/03/2023;E;OPT;C;DI;RF000000000125;12;;;6;;;190.588;;;29/08/2022 00:00;;;;
CB716000000008;71153/USZ/TR 60 1484;"CD71-FTTH-USZ;12FO - TR 60 1484";ND716000000193;ND716000000194;CD71;NRO71153CRI;NRO71153CRI_08;;OR710000000571;OR000000000005;;CST;REC;NC;;23/03/2023;E;OPT;C;DI;RF000000000125;12;;;6;;;31.787;;;29/08/2022 00:00;;;;
CB716000000009;71153/USZ/TR 60 1475;"CD71-FTTH-USZ;24FO - TR 60 1475";ND716000000010;ND716000000010;CD71;NRO71153CRI;NRO71153CRI_08;;OR710000000571;OR000000000005;;CST;REC;NC;;23/03/2023;E;OPT;C;DI;RF000000000131;24;;;6;;;1.752;;;29/08/2022 00:00;;;;
CB716000000010;71153/USZ/TR 60 1476;"CD71-FTTH-USZ;24FO - TR 60 1476";ND716000000010;ND716000000155;CD71;NRO71153CRI;NRO71153CRI_08;;OR710000000571;OR000000000005;;CST;REC;NC;;23/03/2023;E;OPT;C;DI;RF000000000131;24;;;6;;;55.125;;;29/08/2022 00:00;;;;
CB716000000011;71153/USZ/TR 60 1477;"CD71-FTTH-USZ;24FO - TR 60 1477";ND716000000155;ND716000000107;CD71;NRO71153CRI;NRO71153CRI_08;;OR710000000571;OR000000000005;;CST;REC;NC;;23/03/2023;E;OPT;C;DI;RF000000000131;24;;;6;;;64.990;;;29/08/2022 00:00;;;;
CB716000000012;71153/USZ/TR 60 1478;"CD71-FTTH-USZ;24FO - TR 60 1478";ND716000000107;ND716000000114;CD71;NRO71153CRI;NRO71153CRI_08;;OR710000000571;OR000000000005;;CST;REC;NC;;23/03/2023;E;OPT;C;DI;RF000000000131;24;;;6;;;70.462;;;29/08/2022 00:00;;;;
CB716000000013;71153/USZ/TR 60 1479;"CD71-FTTH-USZ;12FO - TR 60 1479";ND716000000010;ND716000000153;CD71;NRO71153CRI;NRO71153CRI_08;;OR710000000571;OR000000000005;;CST;REC;NC;;23/03/2023;E;OPT;C;DI;RF000000000125;12;;;6;;;39.027;;;29/08/2022 00:00;;;;
CB716000000014;71153/USZ/TR 60 1480;"CD71-FTTH-USZ;12FO - TR 60 1480";ND716000000153;ND716000000198;CD71;NRO71153CRI;NRO71153CRI_08;;OR710000000571;OR000000000005;;CST;REC;NC;;23/03/2023;E;OPT;C;DI;RF000000000125;12;;;6;;;73.646;;;29/08/2022 00:00;;;;
CB716000000015;71153/USZ/TR 60 1481;"CD71-FTTH-USZ;12FO - TR 60 1481";ND716000000010;ND716000000123;CD71;NRO71153CRI;NRO71153CRI_08;;OR710000000571;OR000000000005;;CST;REC;NC;;23/03/2023;E;OPT;C;DI;RF000000000125;12;;;6;;;23.662;;;29/08/2022 00:00;;;;
CB716000000016;71153/USZ/TR 60 1482;"CD71-FTTH-USZ;12FO - TR 60 1482";ND716000000123;ND716000000213;CD71;NRO71153CRI;NRO71153CRI_08;;OR710000000571;OR000000000005;;CST;REC;NC;;23/03/2023;E;OPT;C;DI;RF000000000125;12;;;6;;;8.528;;;29/08/2022 00:00;;;;
CB716000000017;71153/USZ/TR 60 1485;"CD71-FTTH-USZ;24FO - TR 60 1485";ND716000000217;ND716000000007;CD71;NRO71153CRI;NRO71153CRI_08;;OR710000000571;OR000000000005;;CST;REC;NC;;23/03/2023;E;OPT;C;DI;RF000000000131;24;;;6;;;40.437;;;29/08/2022 00:00;;;;
CB716000000018;71153/USZ/TR 60 1486;"CD71-FTTH-USZ;24FO - TR 60 1486";ND716000000007;ND716000000006;CD71;NRO71153CRI;NRO71153CRI_08;;OR710000000571;OR000000000005;;CST;REC;NC;;23/03/2023;E;OPT;C;DI;RF000000000131;24;;;6;;;42.286;;;29/08/2022 00:00;;;;
CB716000000019;71153/USZ/TR 60 1487;"CD71-FTTH-USZ;24FO - TR 60 1487";ND716000000006;ND716000000024;CD71;NRO71153CRI;NRO71153CRI_08;;OR710000000571;OR000000000005;;CST;REC;NC;;23/03/2023;E;OPT;C;DI;RF000000000131;24;;;6;;;54.792;;;29/08/2022 00:00;;;;
CB716000000020;71153/USZ/TR 60 1488;"CD71-FTTH-USZ;24FO - TR 60 1488";ND716000000024;ND716000000031;CD71;NRO71153CRI;NRO71153CRI_08;;OR710000000571;OR000000000005;;CST;REC;NC;;23/03/2023;E;OPT;C;DI;RF000000000131;24;;;6;;;88.610;;;29/08/2022 00:00;;;;
CB716000000021;71153/USZ/TR 60 1489;"CD71-FTTH-USZ;12FO - TR 60 1489";ND716000000217;ND716000000122;CD71;NRO71153CRI;NRO71153CRI_08;;OR710000000571;OR000000000005;;CST;REC;NC;;23/03/2023;E;OPT;C;DI;RF000000000125;12;;;6;;;87.149;;;29/08/2022 00:00;;;;
CB716000000022;71153/USZ/TR 60 1490;"CD71-FTTH-USZ;12FO - TR 60 1490";ND716000000122;ND716000000201;CD71;NRO71153CRI;NRO71153CRI_08;;OR710000000571;OR000000000005;;CST;REC;NC;;23/03/2023;E;OPT;C;DI;RF000000000125;12;;;6;;;40.817;;;29/08/2022 00:00;;;;
CB716000000023;71153/USZ/TR 60 1491;"CD71-FTTH-USZ;6FO - TR 60 1491";ND716000000217;ND716000000099;CD71;NRO71153CRI;NRO71153CRI_08;;OR710000000571;OR000000000005;;CST;REC;NC;;23/03/2023;E;OPT;C;DI;RF000000000202;6;;;6;;;35.669;;;29/08/2022 00:00;;;;
CB716000000024;71153/USZ/TR 60 1492;"CD71-FTTH-USZ;6FO - TR 60 1492";ND716000000099;ND716000000096;CD71;NRO71153CRI;NRO71153CRI_08;;OR710000000571;OR000000000005;;CST;REC;NC;;23/03/2023;E;OPT;C;DI;RF000000000202;6;;;6;;;58.925;;;29/08/2022 00:00;;;;
CB716000000025;71153/USZ/TR 60 1493;"CD71-FTTH-USZ;144FO - TR 60 1493";ND716000000223;ND716000000026;CD71;NRO71153CRI;NRO71153CRI_08;;OR710000000571;OR000000000005;;CST;REC;NC;;23/03/2023;E;OPT;C;DI;RF000000000128;144;;;6;;;510.577;;;29/08/2022 00:00;;;;
CB716000000026;71153/USZ/TR 60 1494;"CD71-FTTH-USZ;36FO - TR 60 1494";ND716000000026;ND716000000154;CD71;NRO71153CRI;NRO71153CRI_08;;OR710000000571;OR000000000005;;CST;REC;NC;;23/03/2023;E;OPT;C;DI;RF000000000129;36;;;6;;;84.200;;;29/08/2022 00:00;;;;
CB716000000027;71153/USZ/TR 60 1495;"CD71-FTTH-USZ;36FO - TR 60 1495";ND716000000154;ND716000000177;CD71;NRO71153CRI;NRO71153CRI_08;;OR710000000571;OR000000000005;;CST;REC;NC;;23/03/2023;E;OPT;C;DI;RF000000000129;36;;;6;;;72.794;;;29/08/2022 00:00;;;;
CB716000000028;71153/USZ/TR 60 1496;"CD71-FTTH-USZ;36FO - TR 60 1496";ND716000000177;ND716000000178;CD71;NRO71153CRI;NRO71153CRI_08;;OR710000000571;OR000000000005;;CST;REC;NC;;23/03/2023;E;OPT;C;DI;RF000000000129;36;;;6;;;40.581;;;29/08/2022 00:00;;;;
CB716000000029;71153/USZ/TR 60 1497;"CD71-FTTH-USZ;36FO - TR 60 1497";ND716000000178;ND716000000111;CD71;NRO71153CRI;NRO71153CRI_08;;OR710000000571;OR000000000005;;CST;REC;NC;;23/03/2023;E;OPT;C;DI;RF000000000129;36;;;6;;;94.772;;;29/08/2022 00:00;;;;
CB716000000030;71153/USZ/TR 60 1498;"CD71-FTTH-USZ;36FO - TR 60 1498";ND716000000111;ND716000000112;CD71;NRO71153CRI;NRO71153CRI_08;;OR710000000571;OR000000000005;;CST;REC;NC;;23/03/2023;E;OPT;C;DI;RF000000000129;36;;;6;;;89.990;;;29/08/2022 00:00;;;;
CB716000000031;71153/USZ/TR 60 1499;"CD71-FTTH-USZ;36FO - TR 60 1499";ND716000000112;ND716000000202;CD71;NRO71153CRI;NRO71153CRI_08;;OR710000000571;OR000000000005;;CST;REC;NC;;23/03/2023;E;OPT;C;DI;RF000000000129;36;;;6;;;71.189;;;29/08/2022 00:00;;;;
CB716000000032;71153/USZ/TR 60 1504;"CD71-FTTH-USZ;12FO - TR 60 1504";ND716000000026;ND716000000132;CD71;NRO71153CRI;NRO71153CRI_08;;OR710000000571;OR000000000005;;CST;REC;NC;;23/03/2023;E;OPT;C;DI;RF000000000125;12;;;6;;;128.528;;;29/08/2022 00:00;;;;
CB716000000033;71153/USZ/TR 60 1505;"CD71-FTTH-USZ;12FO - TR 60 1505";ND716000000132;ND716000000133;CD71;NRO71153CRI;NRO71153CRI_08;;OR710000000571;OR000000000005;;CST;REC;NC;;23/03/2023;E;OPT;C;DI;RF000000000125;12;;;6;;;58.599;;;29/08/2022 00:00;;;;
CB716000000034;71153/USZ/TR 60 1506;"CD71-FTTH-USZ;12FO - TR 60 1506";ND716000000026;ND716000000174;CD71;NRO71153CRI;NRO71153CRI_08;;OR710000000571;OR000000000005;;CST;REC;NC;;23/03/2023;E;OPT;C;DI;RF000000000125;12;;;6;;;304.049;;;29/08/2022 00:00;;;;
CB716000000035;71153/USZ/TR 60 1507;"CD71-FTTH-USZ;12FO - TR 60 1507";ND716000000174;ND716000000172;CD71;NRO71153CRI;NRO71153CRI_08;;OR710000000571;OR000000000005;;CST;REC;NC;;23/03/2023;E;OPT;C;DI;RF000000000125;12;;;6;;;63.918;;;29/08/2022 00:00;;;;
CB716000000036;71153/USZ/TR 60 1500;"CD71-FTTH-USZ;24FO - TR 60 1500";ND716000000026;ND716000000021;CD71;NRO71153CRI;NRO71153CRI_08;;OR710000000571;OR000000000005;;CST;REC;NC;;23/03/2023;E;OPT;C;DI;RF000000000131;24;;;6;;;111.558;;;29/08/2022 00:00;;;;
CB716000000037;71153/USZ/TR 60 1501;"CD71-FTTH-USZ;24FO - TR 60 1501";ND716000000021;ND716000000109;CD71;NRO71153CRI;NRO71153CRI_08;;OR710000000571;OR000000000005;;CST;REC;NC;;23/03/2023;E;OPT;C;DI;RF000000000131;24;;;6;;;85.676;;;29/08/2022 00:00;;;;
CB716000000038;71153/USZ/TR 60 1502;"CD71-FTTH-USZ;24FO - TR 60 1502";ND716000000109;ND716000000145;CD71;NRO71153CRI;NRO71153CRI_08;;OR710000000571;OR000000000005;;CST;REC;NC;;23/03/2023;E;OPT;C;DI;RF000000000131;24;;;6;;;30.479;;;29/08/2022 00:00;;;;
CB716000000039;71153/USZ/TR 60 1503;"CD71-FTTH-USZ;24FO - TR 60 1503";ND716000000145;ND716000000203;CD71;NRO71153CRI;NRO71153CRI_08;;OR710000000571;OR000000000005;;CST;REC;NC;;23/03/2023;E;OPT;C;DI;RF000000000131;24;;;6;;;11.074;;;29/08/2022 00:00;;;;
CB716000000040;71153/USZ/TR 60 1508;"CD71-FTTH-USZ;12FO - TR 60 1508";ND716000000026;ND716000000115;CD71;NRO71153CRI;NRO71153CRI_08;;OR710000000571;OR000000000005;;CST;REC;NC;;23/03/2023;E;OPT;C;DI;RF000000000125;12;;;6;;;96.520;;;29/08/2022 00:00;;;;
CB716000000041;71153/USZ/TR 60 1509;"CD71-FTTH-USZ;12FO - TR 60 1509";ND716000000115;ND716000000207;CD71;NRO71153CRI;NRO71153CRI_08;;OR710000000571;OR000000000005;;CST;REC;NC;;23/03/2023;E;OPT;C;DI;RF000000000125;12;;;6;;;13.503;;;29/08/2022 00:00;;;;
CB716000000042;71153/USZ/TR 60 1510;"CD71-FTTH-USZ;6FO - TR 60 1510";ND716000000026;ND716000000105;CD71;NRO71153CRI;NRO71153CRI_08;;OR710000000571;OR000000000005;;CST;REC;NC;;23/03/2023;E;OPT;C;DI;RF000000000202;6;;;6;;;53.722;;;29/08/2022 00:00;;;;
CB716000000043;71153/USZ/TR 60 1511;"CD71-FTTH-USZ;6FO - TR 60 1511";ND716000000026;ND716000000118;CD71;NRO71153CRI;NRO71153CRI_08;;OR710000000571;OR000000000005;;CST;REC;NC;;23/03/2023;E;OPT;C;DI;RF000000000202;6;;;6;;;6.509;;;29/08/2022 00:00;;;;
CB716000000044;71153/USZ/TR 60 1512;"CD71-FTTH-USZ;6FO - TR 60 1512";ND716000000026;ND716000000063;CD71;NRO71153CRI;NRO71153CRI_08;;OR710000000571;OR000000000005;;CST;REC;NC;;23/03/2023;E;OPT;C;DI;RF000000000202;6;;;6;;;33.999;;;29/08/2022 00:00;;;;
CB716000000045;71153/USZ/TR 60 1513;"CD71-FTTH-USZ;6FO - TR 60 1513";ND716000000026;ND716000000100;CD71;NRO71153CRI;NRO71153CRI_08;;OR710000000571;OR000000000005;;CST;REC;NC;;23/03/2023;E;OPT;C;DI;RF000000000202;6;;;6;;;59.730;;;29/08/2022 00:00;;;;
CB716000000046;71153/USZ/TR 60 1514;"CD71-FTTH-USZ;144FO - TR 60 1514";ND716000000223;ND716000000005;CD71;NRO71153CRI;NRO71153CRI_08;;OR710000000571;OR000000000005;;CST;REC;NC;;23/03/2023;E;OPT;C;DI;RF000000000128;144;;;6;;;368.353;;;29/08/2022 00:00;;;;
CB716000000047;71153/USZ/TR 60 1515;"CD71-FTTH-USZ;48FO - TR 60 1515";ND716000000005;ND716000000033;CD71;NRO71153CRI;NRO71153CRI_08;;OR710000000571;OR000000000005;;CST;REC;NC;;23/03/2023;E;OPT;C;DI;RF000000000133;48;;;6;;;187.671;;;29/08/2022 00:00;;;;
CB716000000048;71153/USZ/TR 60 1516;"CD71-FTTH-USZ;24FO - TR 60 1516";ND716000000033;ND716000000033;CD71;NRO71153CRI;NRO71153CRI_08;;OR710000000571;OR000000000005;;CST;REC;NC;;23/03/2023;E;OPT;C;DI;RF000000000131;24;;;6;;;1.429;;;29/08/2022 00:00;;;;
CB716000000049;71153/USZ/TR 60 1517;"CD71-FTTH-USZ;24FO - TR 60 1517";ND716000000033;ND716000000097;CD71;NRO71153CRI;NRO71153CRI_08;;OR710000000571;OR000000000005;;CST;REC;NC;;23/03/2023;E;OPT;C;DI;RF000000000131;24;;;6;;;76.892;;;29/08/2022 00:00;;;;
CB716000000050;71153/USZ/TR 60 1518;"CD71-FTTH-USZ;24FO - TR 60 1518";ND716000000097;ND716000000098;CD71;NRO71153CRI;NRO71153CRI_08;;OR710000000571;OR000000000005;;CST;REC;NC;;23/03/2023;E;OPT;C;DI;RF000000000131;24;;;6;;;64.500;;;29/08/2022 00:00;;;;
CB716000000051;71153/USZ/TR 60 1519;"CD71-FTTH-USZ;24FO - TR 60 1519";ND716000000098;ND716000000125;CD71;NRO71153CRI;NRO71153CRI_08;;OR710000000571;OR000000000005;;CST;REC;NC;;23/03/2023;E;OPT;C;DI;RF000000000131;24;;;6;;;31.843;;;29/08/2022 00:00;;;;
CB716000000052;71153/USZ/TR 60 1520;"CD71-FTTH-USZ;12FO - TR 60 1520";ND716000000033;ND716000000184;CD71;NRO71153CRI;NRO71153CRI_08;;OR710000000571;OR000000000005;;CST;REC;NC;;23/03/2023;E;OPT;C;DI;RF000000000125;12;;;6;;;67.940;;;29/08/2022 00:00;;;;
CB716000000053;71153/USZ/TR 60 1521;"CD71-FTTH-USZ;12FO - TR 60 1521";ND716000000184;ND716000000185;CD71;NRO71153CRI;NRO71153CRI_08;;OR710000000571;OR000000000005;;CST;REC;NC;;23/03/2023;E;OPT;C;DI;RF000000000125;12;;;6;;;33.641;;;29/08/2022 00:00;;;;
CB716000000054;71153/USZ/TR 60 1522;"CD71-FTTH-USZ;12FO - TR 60 1522";ND716000000185;ND716000000187;CD71;NRO71153CRI;NRO71153CRI_08;;OR710000000571;OR000000000005;;CST;REC;NC;;23/03/2023;E;OPT;C;DI;RF000000000125;12;;;6;;;88.647;;;29/08/2022 00:00;;;;
CB716000000055;71153/USZ/TR 60 1523;"CD71-FTTH-USZ;12FO - TR 60 1523";ND716000000033;ND716000000113;CD71;NRO71153CRI;NRO71153CRI_08;;OR710000000571;OR000000000005;;CST;REC;NC;;23/03/2023;E;OPT;C;DI;RF000000000125;12;;;6;;;46.126;;;29/08/2022 00:00;;;;
CB716000000056;71153/USZ/TR 60 1524;"CD71-FTTH-USZ;12FO - TR 60 1524";ND716000000113;ND716000000183;CD71;NRO71153CRI;NRO71153CRI_08;;OR710000000571;OR000000000005;;CST;REC;NC;;23/03/2023;E;OPT;C;DI;RF000000000125;12;;;6;;;55.952;;;29/08/2022 00:00;;;;
CB716000000057;71153/USZ/TR 60 1525;"CD71-FTTH-USZ;24FO - TR 60 1525";ND716000000005;ND716000000190;CD71;NRO71153CRI;NRO71153CRI_08;;OR710000000571;OR000000000005;;CST;REC;NC;;23/03/2023;E;OPT;C;DI;RF000000000131;24;;;6;;;187.807;;;29/08/2022 00:00;;;;
CB716000000058;71153/USZ/TR 60 1526;"CD71-FTTH-USZ;24FO - TR 60 1526";ND716000000190;ND716000000189;CD71;NRO71153CRI;NRO71153CRI_08;;OR710000000571;OR000000000005;;CST;REC;NC;;23/03/2023;E;OPT;C;DI;RF000000000131;24;;;6;;;44.000;;;29/08/2022 00:00;;;;
CB716000000059;71153/USZ/TR 60 1527;"CD71-FTTH-USZ;24FO - TR 60 1527";ND716000000189;ND716000000188;CD71;NRO71153CRI;NRO71153CRI_08;;OR710000000571;OR000000000005;;CST;REC;NC;;23/03/2023;E;OPT;C;DI;RF000000000131;24;;;6;;;35.161;;;29/08/2022 00:00;;;;
CB716000000060;71153/USZ/TR 60 1528;"CD71-FTTH-USZ;24FO - TR 60 1528";ND716000000005;ND716000000166;CD71;NRO71153CRI;NRO71153CRI_08;;OR710000000571;OR000000000005;;CST;REC;NC;;23/03/2023;E;OPT;C;DI;RF000000000131;24;;;6;;;18.153;;;29/08/2022 00:00;;;;
CB716000000061;71153/USZ/TR 60 1529;"CD71-FTTH-USZ;24FO - TR 60 1529";ND716000000166;ND716000000165;CD71;NRO71153CRI;NRO71153CRI_08;;OR710000000571;OR000000000005;;CST;REC;NC;;23/03/2023;E;OPT;C;DI;RF000000000131;24;;;6;;;35.259;;;29/08/2022 00:00;;;;
CB716000000062;71153/USZ/TR 60 1530;"CD71-FTTH-USZ;24FO - TR 60 1530";ND716000000165;ND716000000164;CD71;NRO71153CRI;NRO71153CRI_08;;OR710000000571;OR000000000005;;CST;REC;NC;;23/03/2023;E;OPT;C;DI;RF000000000131;24;;;6;;;45.918;;;29/08/2022 00:00;;;;
CB716000000063;71153/USZ/TR 60 1531;"CD71-FTTH-USZ;24FO - TR 60 1531";ND716000000164;ND716000000163;CD71;NRO71153CRI;NRO71153CRI_08;;OR710000000571;OR000000000005;;CST;REC;NC;;23/03/2023;E;OPT;C;DI;RF000000000131;24;;;6;;;36.859;;;29/08/2022 00:00;;;;
CB716000000064;71153/USZ/TR 60 1532;"CD71-FTTH-USZ;12FO - TR 60 1532";ND716000000005;ND716000000064;CD71;NRO71153CRI;NRO71153CRI_08;;OR710000000571;OR000000000005;;CST;REC;NC;;23/03/2023;E;OPT;C;DI;RF000000000125;12;;;6;;;104.888;;;29/08/2022 00:00;;;;
CB716000000065;71153/USZ/TR 60 1533;"CD71-FTTH-USZ;12FO - TR 60 1533";ND716000000064;ND716000000106;CD71;NRO71153CRI;NRO71153CRI_08;;OR710000000571;OR000000000005;;CST;REC;NC;;23/03/2023;E;OPT;C;DI;RF000000000125;12;;;6;;;68.260;;;29/08/2022 00:00;;;;
CB716000000066;71153/USZ/TR 60 1534;"CD71-FTTH-USZ;12FO - TR 60 1534";ND716000000005;ND716000000103;CD71;NRO71153CRI;NRO71153CRI_08;;OR710000000571;OR000000000005;;CST;REC;NC;;23/03/2023;E;OPT;C;DI;RF000000000125;12;;;6;;;1.363;;;29/08/2022 00:00;;;;
CB716000000067;71153/USZ/TR 60 1535;"CD71-FTTH-USZ;12FO - TR 60 1535";ND716000000103;ND716000000128;CD71;NRO71153CRI;NRO71153CRI_08;;OR710000000571;OR000000000005;;CST;REC;NC;;23/03/2023;E;OPT;C;DI;RF000000000125;12;;;6;;;91.995;;;29/08/2022 00:00;;;;
CB716000000068;71153/USZ/TR 60 1536;"CD71-FTTH-USZ;12FO - TR 60 1536";ND716000000005;ND716000000180;CD71;NRO71153CRI;NRO71153CRI_08;;OR710000000571;OR000000000005;;CST;REC;NC;;23/03/2023;E;OPT;C;DI;RF000000000125;12;;;6;;;186.091;;;29/08/2022 00:00;;;;
CB716000000069;71153/USZ/TR 60 1537;"CD71-FTTH-USZ;12FO - TR 60 1537";ND716000000180;ND716000000181;CD71;NRO71153CRI;NRO71153CRI_08;;OR710000000571;OR000000000005;;CST;REC;NC;;23/03/2023;E;OPT;C;DI;RF000000000125;12;;;6;;;27.395;;;29/08/2022 00:00;;;;
CB716000000070;71153/USZ/TR 60 1538;"CD71-FTTH-USZ;6FO - TR 60 1538";ND716000000005;ND716000000205;CD71;NRO71153CRI;NRO71153CRI_08;;OR710000000571;OR000000000005;;CST;REC;NC;;23/03/2023;E;OPT;C;DI;RF000000000202;6;;;6;;;107.921;;;29/08/2022 00:00;;;;
CB716000000071;71153/USZ/TR 60 1539;"CD71-FTTH-USZ;6FO - TR 60 1539";ND716000000005;ND716000000200;CD71;NRO71153CRI;NRO71153CRI_08;;OR710000000571;OR000000000005;;CST;REC;NC;;23/03/2023;E;OPT;C;DI;RF000000000202;6;;;6;;;104.083;;;29/08/2022 00:00;;;;
CB716000000072;71153/USZ/TR 60 1540;"CD71-FTTH-USZ;6FO - TR 60 1540";ND716000000005;ND716000000018;CD71;NRO71153CRI;NRO71153CRI_08;;OR710000000571;OR000000000005;;CST;REC;NC;;23/03/2023;E;OPT;C;DI;RF000000000202;6;;;6;;;55.746;;;29/08/2022 00:00;;;;
CB716000000073;71153/USZ/TR 60 1541;"CD71-FTTH-USZ;144FO - TR 60 1541";ND716000000223;ND716000000008;CD71;NRO71153CRI;NRO71153CRI_08;;OR710000000571;OR000000000005;;CST;REC;NC;;23/03/2023;E;OPT;C;DI;RF000000000128;144;;;6;;;221.157;;;29/08/2022 00:00;;;;
CB716000000074;71153/USZ/TR 60 1542;"CD71-FTTH-USZ;144FO - TR 60 1542";ND716000000008;ND716000000035;CD71;NRO71153CRI;NRO71153CRI_08;;OR710000000571;OR000000000005;;CST;REC;NC;;23/03/2023;E;OPT;C;DI;RF000000000128;144;;;6;;;282.260;;;29/08/2022 00:00;;;;
CB716000000075;71153/USZ/TR 60 1543;"CD71-FTTH-USZ;36FO - TR 60 1543";ND716000000035;ND716000000157;CD71;NRO71153CRI;NRO71153CRI_08;;OR710000000571;OR000000000005;;CST;REC;NC;;23/03/2023;E;OPT;C;DI;RF000000000129;36;;;6;;;45.972;;;29/08/2022 00:00;;;;
CB716000000076;71153/USZ/TR 60 1544;"CD71-FTTH-USZ;36FO - TR 60 1544";ND716000000157;ND716000000042;CD71;NRO71153CRI;NRO71153CRI_08;;OR710000000571;OR000000000005;;CST;REC;NC;;23/03/2023;E;OPT;C;DI;RF000000000129;36;;;6;;;45.980;;;29/08/2022 00:00;;;;
CB716000000077;71153/USZ/TR 60 1545;"CD71-FTTH-USZ;36FO - TR 60 1545";ND716000000042;ND716000000089;CD71;NRO71153CRI;NRO71153CRI_08;;OR710000000571;OR000000000005;;CST;REC;NC;;23/03/2023;E;OPT;C;DI;RF000000000129;36;;;6;;;7.109;;;29/08/2022 00:00;;;;
CB716000000078;71153/USZ/TR 60 1546;"CD71-FTTH-USZ;36FO - TR 60 1546";ND716000000089;ND716000000170;CD71;NRO71153CRI;NRO71153CRI_08;;OR710000000571;OR000000000005;;CST;REC;NC;;23/03/2023;E;OPT;C;DI;RF000000000129;36;;;6;;;46.451;;;29/08/2022 00:00;;;;
CB716000000079;71153/USZ/TR 60 1547;"CD71-FTTH-USZ;36FO - TR 60 1547";ND716000000170;ND716000000088;CD71;NRO71153CRI;NRO71153CRI_08;;OR710000000571;OR000000000005;;CST;REC;NC;;23/03/2023;E;OPT;C;DI;RF000000000129;36;;;6;;;15.236;;;29/08/2022 00:00;;;;
CB716000000080;71153/USZ/TR 60 1548;"CD71-FTTH-USZ;36FO - TR 60 1548";ND716000000088;ND716000000169;CD71;NRO71153CRI;NRO71153CRI_08;;OR710000000571;OR000000000005;;CST;REC;NC;;23/03/2023;E;OPT;C;DI;RF000000000129;36;;;6;;;34.517;;;29/08/2022 00:00;;;;
CB716000000081;71153/USZ/TR 60 1549;"CD71-FTTH-USZ;24FO - TR 60 1549";ND716000000035;ND716000000156;CD71;NRO71153CRI;NRO71153CRI_08;;OR710000000571;OR000000000005;;CST;REC;NC;;23/03/2023;E;OPT;C;DI;RF000000000131;24;;;6;;;12.858;;;29/08/2022 00:00;;;;
CB716000000082;71153/USZ/TR 60 1550;"CD71-FTTH-USZ;24FO - TR 60 1550";ND716000000156;ND716000000086;CD71;NRO71153CRI;NRO71153CRI_08;;OR710000000571;OR000000000005;;CST;REC;NC;;23/03/2023;E;OPT;C;DI;RF000000000131;24;;;6;;;30.018;;;29/08/2022 00:00;;;;
CB716000000083;71153/USZ/TR 60 1551;"CD71-FTTH-USZ;24FO - TR 60 1551";ND716000000086;ND716000000066;CD71;NRO71153CRI;NRO71153CRI_08;;OR710000000571;OR000000000005;;CST;REC;NC;;23/03/2023;E;OPT;C;DI;RF000000000131;24;;;6;;;30.336;;;29/08/2022 00:00;;;;
CB716000000084;71153/USZ/TR 60 1552;"CD71-FTTH-USZ;24FO - TR 60 1552";ND716000000066;ND716000000195;CD71;NRO71153CRI;NRO71153CRI_08;;OR710000000571;OR000000000005;;CST;REC;NC;;23/03/2023;E;OPT;C;DI;RF000000000131;24;;;6;;;27.349;;;29/08/2022 00:00;;;;
CB716000000085;71153/USZ/TR 60 1555;"CD71-FTTH-USZ;6FO - TR 60 1555";ND716000000035;ND716000000171;CD71;NRO71153CRI;NRO71153CRI_08;;OR710000000571;OR000000000005;;CST;REC;NC;;23/03/2023;E;OPT;C;DI;RF000000000202;6;;;6;;;74.659;;;29/08/2022 00:00;;;;
CB716000000086;71153/USZ/TR 60 1553;"CD71-FTTH-USZ;12FO - TR 60 1553";ND716000000035;ND716000000146;CD71;NRO71153CRI;NRO71153CRI_08;;OR710000000571;OR000000000005;;CST;REC;NC;;23/03/2023;E;OPT;C;DI;RF000000000125;12;;;6;;;154.185;;;29/08/2022 00:00;;;;
CB716000000087;71153/USZ/TR 60 1554;"CD71-FTTH-USZ;12FO - TR 60 1554";ND716000000146;ND716000000211;CD71;NRO71153CRI;NRO71153CRI_08;;OR710000000571;OR000000000005;;CST;REC;NC;;23/03/2023;E;OPT;C;DI;RF000000000125;12;;;6;;;41.794;;;29/08/2022 00:00;;;;
CB716000000088;71153/USZ/TR 60 1556;"CD71-FTTH-USZ;6FO - TR 60 1556";ND716000000035;ND716000000209;CD71;NRO71153CRI;NRO71153CRI_08;;OR710000000571;OR000000000005;;CST;REC;NC;;23/03/2023;E;OPT;C;DI;RF000000000202;6;;;6;;;156.140;;;29/08/2022 00:00;;;;
CB716000000089;71153/USZ/TR 60 1557;"CD71-FTTH-USZ;24FO - TR 60 1557";ND716000000008;ND716000000121;CD71;NRO71153CRI;NRO71153CRI_08;;OR710000000571;OR000000000005;;CST;REC;NC;;23/03/2023;E;OPT;C;DI;RF000000000131;24;;;6;;;41.761;;;29/08/2022 00:00;;;;
CB716000000090;71153/USZ/TR 60 1558;"CD71-FTTH-USZ;24FO - TR 60 1558";ND716000000121;ND716000000168;CD71;NRO71153CRI;NRO71153CRI_08;;OR710000000571;OR000000000005;;CST;REC;NC;;23/03/2023;E;OPT;C;DI;RF000000000131;24;;;6;;;57.000;;;29/08/2022 00:00;;;;
CB716000000091;71153/USZ/TR 60 1559;"CD71-FTTH-USZ;24FO - TR 60 1559";ND716000000168;ND716000000108;CD71;NRO71153CRI;NRO71153CRI_08;;OR710000000571;OR000000000005;;CST;REC;NC;;23/03/2023;E;OPT;C;DI;RF000000000131;24;;;6;;;33.000;;;29/08/2022 00:00;;;;
CB716000000092;71153/USZ/TR 60 1560;"CD71-FTTH-USZ;6FO - TR 60 1560";ND716000000008;ND716000000120;CD71;NRO71153CRI;NRO71153CRI_08;;OR710000000571;OR000000000005;;CST;REC;NC;;23/03/2023;E;OPT;C;DI;RF000000000202;6;;;6;;;29.863;;;29/08/2022 00:00;;;;
CB716000000093;71153/USZ/TR 60 1561;"CD71-FTTH-USZ;6FO - TR 60 1561";ND716000000008;ND716000000119;CD71;NRO71153CRI;NRO71153CRI_08;;OR710000000571;OR000000000005;;CST;REC;NC;;23/03/2023;E;OPT;C;DI;RF000000000202;6;;;6;;;200.350;;;29/08/2022 00:00;;;;
CB716000000094;71153/USZ/TR 60 1562;"CD71-FTTH-USZ;6FO - TR 60 1562";ND716000000008;ND716000000117;CD71;NRO71153CRI;NRO71153CRI_08;;OR710000000571;OR000000000005;;CST;REC;NC;;23/03/2023;E;OPT;C;DI;RF000000000202;6;;;6;;;101.988;;;29/08/2022 00:00;;;;
CB716000000095;71153/USZ/TR 60 1563;"CD71-FTTH-USZ;6FO - TR 60 1563";ND716000000008;ND716000000104;CD71;NRO71153CRI;NRO71153CRI_08;;OR710000000571;OR000000000005;;CST;REC;NC;;23/03/2023;E;OPT;C;DI;RF000000000202;6;;;6;;;50.174;;;29/08/2022 00:00;;;;
CB716000000096;71153/USZ/TR 60 1564;"CD71-FTTH-USZ;36FO - TR 60 1564";ND716000000223;ND716000000002;CD71;NRO71153CRI;NRO71153CRI_08;;OR710000000571;OR000000000005;;CST;REC;NC;;23/03/2023;E;OPT;C;DI;RF000000000129;36;;;6;;;768.347;;;29/08/2022 00:00;;;;
CB716000000097;71153/USZ/TR 60 1565;"CD71-FTTH-USZ;36FO - TR 60 1565";ND716000000002;ND716000000002;CD71;NRO71153CRI;NRO71153CRI_08;;OR710000000571;OR000000000005;;CST;REC;NC;;23/03/2023;E;OPT;C;DI;RF000000000129;36;;;6;;;0.791;;;29/08/2022 00:00;;;;
CB716000000098;71153/USZ/TR 60 1566;"CD71-FTTH-USZ;36FO - TR 60 1566";ND716000000002;ND716000000093;CD71;NRO71153CRI;NRO71153CRI_08;;OR710000000571;OR000000000005;;CST;REC;NC;;23/03/2023;E;OPT;C;DI;RF000000000129;36;;;6;;;243.274;;;29/08/2022 00:00;;;;
CB716000000099;71153/USZ/TR 60 1567;"CD71-FTTH-USZ;36FO - TR 60 1567";ND716000000093;ND716000000216;CD71;NRO71153CRI;NRO71153CRI_08;;OR710000000571;OR000000000005;;CST;REC;NC;;23/03/2023;E;OPT;C;DI;RF000000000129;36;;;6;;;296.074;;;29/08/2022 00:00;;;;
CB716000000100;71153/USZ/TR 60 1568;"CD71-FTTH-USZ;36FO - TR 60 1568";ND716000000093;ND716000000072;CD71;NRO71153CRI;NRO71153CRI_08;;OR710000000571;OR000000000005;;CST;REC;NC;;23/03/2023;E;OPT;C;DI;RF000000000129;36;;;6;;;417.222;;;29/08/2022 00:00;;;;
CB716000000101;71153/USZ/TR 60 1569;"CD71-FTTH-USZ;36FO - TR 60 1569";ND716000000072;ND716000000092;CD71;NRO71153CRI;NRO71153CRI_08;;OR710000000571;OR000000000005;;CST;REC;NC;;23/03/2023;E;OPT;C;DI;RF000000000129;36;;;6;;;1064.077;;;29/08/2022 00:00;;;;
CB716000000102;71153/USZ/TR 60 1570;"CD71-FTTH-USZ;36FO - TR 60 1570";ND716000000092;ND716000000058;CD71;NRO71153CRI;NRO71153CRI_08;;OR710000000571;OR000000000005;;CST;REC;NC;;23/03/2023;E;OPT;C;DI;RF000000000129;36;;;6;;;91.854;;;29/08/2022 00:00;;;;
CB716000000103;71153/USZ/TR 60 1571;"CD71-FTTH-USZ;36FO - TR 60 1571";ND716000000058;ND716000000159;CD71;NRO71153CRI;NRO71153CRI_08;;OR710000000571;OR000000000005;;CST;REC;NC;;23/03/2023;E;OPT;C;DI;RF000000000129;36;;;6;;;99.541;;;29/08/2022 00:00;;;;
CB716000000104;71153/USZ/TR 60 1572;"CD71-FTTH-USZ;36FO - TR 60 1572";ND716000000159;ND716000000162;CD71;NRO71153CRI;NRO71153CRI_08;;OR710000000571;OR000000000005;;CST;REC;NC;;23/03/2023;E;OPT;C;DI;RF000000000129;36;;;6;;;176.888;;;29/08/2022 00:00;;;;
CB716000000105;71153/USZ/TR 60 1573;"CD71-FTTH-USZ;6FO - TR 60 1573";ND716000000002;ND716000000150;CD71;NRO71153CRI;NRO71153CRI_08;;OR710000000571;OR000000000005;;CST;REC;NC;;23/03/2023;E;OPT;C;DI;RF000000000202;6;;;6;;;230.854;;;29/08/2022 00:00;;;;
