pt_code;pt_codeext;pt_etiquet;pt_nd_code;pt_ad_code;pt_gest_do;pt_prop_do;pt_prop;pt_gest;pt_user;pt_proptyp;pt_statut;pt_etat;pt_dateins;pt_datemes;pt_avct;pt_typephy;pt_typelog;pt_rf_code;pt_nature;pt_secu;pt_occp;pt_a_dan;pt_a_dtetu;pt_a_struc;pt_a_haut;pt_a_passa;pt_a_strat;pt_rotatio;pt_detec;pt_comment;pt_creadat;pt_majdate;pt_majsrc;pt_abddate;pt_abdsrc
PT716000000001;00070/71059;CD71-00070/71059;ND716000000001;;;;OR000000000001;OR000000000001;;LOC;REC;NC;;;E;C;I;;IND;f;;;;;;;;;;;29/08/2022 00:00;;;;
PT716000000002;00060/71059;CD71-00060/71059;ND716000000002;;;;OR000000000001;OR000000000001;;LOC;REC;NC;;;E;C;I;;L2T;f;;;;;;;;;;;29/08/2022 00:00;;;;
PT716000000003;00108/71059;CD71-00108/71059;ND716000000003;;;;OR000000000001;OR000000000001;;LOC;REC;NC;;;E;C;I;;IND;f;;;;;;;;;;;29/08/2022 00:00;;;;
PT716000000004;00098/71059;CD71-00098/71059;ND716000000004;;;;OR000000000001;OR000000000001;;LOC;REC;NC;;;E;C;I;;IND;f;;;;;;;;;;;29/08/2022 00:00;;;;
PT716000000005;00072/71059;CD71-00072/71059;ND716000000005;;;;OR000000000001;OR000000000001;;LOC;REC;NC;;;E;C;I;;IND;f;;;;;;;;;;;29/08/2022 00:00;;;;
PT716000000006;00362/71059;CD71-00362/71059;ND716000000006;;;;OR000000000001;OR000000000001;;LOC;REC;NC;;;E;C;I;;L2T;f;;;;;;;;;;;29/08/2022 00:00;;;;
PT716000000007;00367/71059;CD71-00367/71059;ND716000000007;;;;OR000000000001;OR000000000001;;LOC;REC;NC;;;E;C;I;;L2T;f;;;;;;;;;;;29/08/2022 00:00;;;;
PT716000000008;00073/71059;CD71-00073/71059;ND716000000008;;;;OR000000000001;OR000000000001;;LOC;REC;NC;;;E;C;I;;IND;f;;;;;;;;;;;29/08/2022 00:00;;;;
PT716000000009;00082/71059;CD71-00082/71059;ND716000000009;;;;OR000000000001;OR000000000001;;LOC;REC;NC;;;E;C;I;;IND;f;;;;;;;;;;;29/08/2022 00:00;;;;
PT716000000010;00097/71059;CD71-00097/71059;ND716000000010;;;;OR000000000001;OR000000000001;;LOC;REC;NC;;;E;C;I;;IND;f;;;;;;;;;;;29/08/2022 00:00;;;;
PT716000000011;00088/71059;CD71-00088/71059;ND716000000011;;;;OR000000000001;OR000000000001;;LOC;REC;NC;;;E;C;I;;IND;f;;;;;;;;;;;29/08/2022 00:00;;;;
PT716000000012;00077/71059;CD71-00077/71059;ND716000000012;;;;OR000000000001;OR000000000001;;LOC;REC;NC;;;E;C;I;;IND;f;;;;;;;;;;;29/08/2022 00:00;;;;
PT716000000013;00105/71059;CD71-00105/71059;ND716000000013;;;;OR000000000001;OR000000000001;;LOC;REC;NC;;;E;C;I;;IND;f;;;;;;;;;;;29/08/2022 00:00;;;;
PT716000000014;00075/71059;CD71-00075/71059;ND716000000014;;;;OR000000000001;OR000000000001;;LOC;REC;NC;;;E;C;I;;IND;f;;;;;;;;;;;29/08/2022 00:00;;;;
PT716000000015;00074/71059;CD71-00074/71059;ND716000000015;;;;OR000000000001;OR000000000001;;LOC;REC;NC;;;E;C;I;;IND;f;;;;;;;;;;;29/08/2022 00:00;;;;
PT716000000016;00371/71059;CD71-00371/71059;ND716000000016;;;;OR000000000001;OR000000000001;;LOC;REC;NC;;;E;C;I;;L1T;f;;;;;;;;;;;29/08/2022 00:00;;;;
PT716000000017;00101/71059;CD71-00101/71059;ND716000000017;;;;OR000000000001;OR000000000001;;LOC;REC;NC;;;E;C;I;;IND;f;;;;;;;;;;;29/08/2022 00:00;;;;
PT716000000018;00079/71059;CD71-00079/71059;ND716000000018;;;;OR000000000001;OR000000000001;;LOC;REC;NC;;;E;C;I;;IND;f;;;;;;;;;;;29/08/2022 00:00;;;;
PT716000000019;00107/71059;CD71-00107/71059;ND716000000019;;;;OR000000000001;OR000000000001;;LOC;REC;NC;;;E;C;I;;IND;f;;;;;;;;;;;29/08/2022 00:00;;;;
PT716000000020;00071/71059;CD71-00071/71059;ND716000000020;;;;OR000000000001;OR000000000001;;LOC;REC;NC;;;E;C;I;;IND;f;;;;;;;;;;;29/08/2022 00:00;;;;
PT716000000021;00106/71059;CD71-00106/71059;ND716000000021;;;;OR000000000001;OR000000000001;;LOC;REC;NC;;;E;C;I;;IND;f;;;;;;;;;;;29/08/2022 00:00;;;;
PT716000000022;00069/71059;CD71-00069/71059;ND716000000022;;;;OR000000000001;OR000000000001;;LOC;REC;NC;;;E;C;I;;IND;f;;;;;;;;;;;29/08/2022 00:00;;;;
PT716000000023;00092/71059;CD71-00092/71059;ND716000000023;;;;OR000000000001;OR000000000001;;LOC;REC;NC;;;E;C;I;;IND;f;;;;;;;;;;;29/08/2022 00:00;;;;
PT716000000024;00379/71059;CD71-00379/71059;ND716000000024;;;;OR000000000001;OR000000000001;;LOC;REC;NC;;;E;C;I;;L2T;f;;;;;;;;;;;29/08/2022 00:00;;;;
PT716000000025;00099/71059;CD71-00099/71059;ND716000000025;;;;OR000000000001;OR000000000001;;LOC;REC;NC;;;E;C;I;;IND;f;;;;;;;;;;;29/08/2022 00:00;;;;
PT716000000026;00085/71059;CD71-00085/71059;ND716000000026;;;;OR000000000001;OR000000000001;;LOC;REC;NC;;;E;C;I;;IND;f;;;;;;;;;;;29/08/2022 00:00;;;;
PT716000000027;00083/71059;CD71-00083/71059;ND716000000027;;;;OR000000000001;OR000000000001;;LOC;REC;NC;;;E;C;I;;IND;f;;;;;;;;;;;29/08/2022 00:00;;;;
PT716000000028;00090/71059;CD71-00090/71059;ND716000000028;;;;OR000000000001;OR000000000001;;LOC;REC;NC;;;E;C;I;;IND;f;;;;;;;;;;;29/08/2022 00:00;;;;
PT716000000029;00080/71059;CD71-00080/71059;ND716000000029;;;;OR000000000001;OR000000000001;;LOC;REC;NC;;;E;C;I;;IND;f;;;;;;;;;;;29/08/2022 00:00;;;;
PT716000000030;00084/71059;CD71-00084/71059;ND716000000030;;;;OR000000000001;OR000000000001;;LOC;REC;NC;;;E;C;I;;IND;f;;;;;;;;;;;29/08/2022 00:00;;;;
PT716000000031;00372/71059;CD71-00372/71059;ND716000000031;;;;OR000000000001;OR000000000001;;LOC;REC;NC;;;E;C;I;;L1T;f;;;;;;;;;;;29/08/2022 00:00;;;;
PT716000000032;00081/71059;CD71-00081/71059;ND716000000032;;;;OR000000000001;OR000000000001;;LOC;REC;NC;;;E;C;I;;IND;f;;;;;;;;;;;29/08/2022 00:00;;;;
PT716000000033;00091/71059;CD71-00091/71059;ND716000000033;;;;OR000000000001;OR000000000001;;LOC;REC;NC;;;E;C;I;;IND;f;;;;;;;;;;;29/08/2022 00:00;;;;
PT716000000034;00078/71059;CD71-00078/71059;ND716000000034;;;;OR000000000001;OR000000000001;;LOC;REC;NC;;;E;C;I;;IND;f;;;;;;;;;;;29/08/2022 00:00;;;;
PT716000000035;00087/71059;CD71-00087/71059;ND716000000035;;;;OR000000000001;OR000000000001;;LOC;REC;NC;;;E;C;I;;IND;f;;;;;;;;;;;29/08/2022 00:00;;;;
PT716000000036;00103/71059;CD71-00103/71059;ND716000000036;;;;OR000000000001;OR000000000001;;LOC;REC;NC;;;E;C;I;;IND;f;;;;;;;;;;;29/08/2022 00:00;;;;
PT716000000037;00086/71059;CD71-00086/71059;ND716000000037;;;;OR000000000001;OR000000000001;;LOC;REC;NC;;;E;C;I;;IND;f;;;;;;;;;;;29/08/2022 00:00;;;;
PT716000000038;00089/71059;CD71-00089/71059;ND716000000038;;;;OR000000000001;OR000000000001;;LOC;REC;NC;;;E;C;I;;IND;f;;;;;;;;;;;29/08/2022 00:00;;;;
PT716000000039;00096/71059;CD71-00096/71059;ND716000000039;;;;OR000000000001;OR000000000001;;LOC;REC;NC;;;E;C;I;;IND;f;;;;;;;;;;;29/08/2022 00:00;;;;
PT716000000040;0208056/71059;CD71-0208056/71059;ND716000000040;;;;OR000000000001;OR000000000001;;LOC;REC;NC;;;E;A;I;;PIND;f;;;;;;;;;;;29/08/2022 00:00;;;;
PT716000000041;0208016/71059;CD71-0208016/71059;ND716000000041;;;;OR000000000001;OR000000000001;;LOC;REC;NC;;;E;A;I;;PIND;f;;;;;;;;;;;29/08/2022 00:00;;;;
PT716000000042;0206951/71059;CD71-0206951/71059;ND716000000042;;;;OR000000000001;OR000000000001;;LOC;REC;NC;;;E;A;I;;PIND;f;;;;;;;;;;;29/08/2022 00:00;;;;
PT716000000043;0206954/71059;CD71-0206954/71059;ND716000000043;;;;OR000000000001;OR000000000001;;LOC;REC;NC;;;E;A;I;;PIND;f;;;;;;;;;;;29/08/2022 00:00;;;;
PT716000000044;0208013/71059;CD71-0208013/71059;ND716000000044;;;;OR000000000001;OR000000000001;;LOC;REC;NC;;;E;A;I;;PIND;f;;;;;;;;;;;29/08/2022 00:00;;;;
PT716000000045;0208015/71059;CD71-0208015/71059;ND716000000045;;;;OR000000000001;OR000000000001;;LOC;REC;NC;;;E;A;I;;PIND;f;;;;;;;;;;;29/08/2022 00:00;;;;
PT716000000046;0208011/71059;CD71-0208011/71059;ND716000000046;;;;OR000000000001;OR000000000001;;LOC;REC;NC;;;E;A;I;;PIND;f;;;;;;;;;;;29/08/2022 00:00;;;;
PT716000000047;0208035/71059;CD71-0208035/71059;ND716000000047;;;;OR000000000001;OR000000000001;;LOC;REC;NC;;;E;A;I;;PIND;f;;;;;;;;;;;29/08/2022 00:00;;;;
PT716000000048;0208047/71059;CD71-0208047/71059;ND716000000048;;;;OR000000000001;OR000000000001;;LOC;REC;NC;;;E;A;I;;PIND;f;;;;;;;;;;;29/08/2022 00:00;;;;
PT716000000049;0208012/71059;CD71-0208012/71059;ND716000000049;;;;OR000000000001;OR000000000001;;LOC;REC;NC;;;E;A;I;;PIND;f;;;;;;;;;;;29/08/2022 00:00;;;;
PT716000000050;0208014/71059;CD71-0208014/71059;ND716000000050;;;;OR000000000001;OR000000000001;;LOC;REC;NC;;;E;A;I;;PIND;f;;;;;;;;;;;29/08/2022 00:00;;;;
PT716000000051;0208030/71059;CD71-0208030/71059;ND716000000051;;;;OR000000000001;OR000000000001;;LOC;REC;NC;;;E;A;I;;PIND;f;;;;;;;;;;;29/08/2022 00:00;;;;
PT716000000052;0208034/71059;CD71-0208034/71059;ND716000000052;;;;OR000000000001;OR000000000001;;LOC;REC;NC;;;E;A;I;;PIND;f;;;;;;;;;;;29/08/2022 00:00;;;;
PT716000000053;0208038/71059;CD71-0208038/71059;ND716000000053;;;;OR000000000001;OR000000000001;;LOC;REC;NC;;;E;A;I;;PIND;f;;;;;;;;;;;29/08/2022 00:00;;;;
PT716000000054;0208039/71059;CD71-0208039/71059;ND716000000054;;;;OR000000000001;OR000000000001;;LOC;REC;NC;;;E;A;I;;PIND;f;;;;;;;;;;;29/08/2022 00:00;;;;
PT716000000055;0208052/71059;CD71-0208052/71059;ND716000000055;;;;OR000000000001;OR000000000001;;LOC;REC;NC;;;E;A;I;;PIND;f;;;;;;;;;;;29/08/2022 00:00;;;;
PT716000000056;0208055/71059;CD71-0208055/71059;ND716000000056;;;;OR000000000001;OR000000000001;;LOC;REC;NC;;;E;A;I;;PIND;f;;;;;;;;;;;29/08/2022 00:00;;;;
PT716000000057;0206979/71059;CD71-0206979/71059;ND716000000057;;;;OR000000000001;OR000000000001;;LOC;REC;NC;;;E;A;I;;PIND;f;;;;;;;;;;;29/08/2022 00:00;;;;
PT716000000058;0208057/71059;CD71-0208057/71059;ND716000000058;;;;OR000000000001;OR000000000001;;LOC;REC;NC;;;E;A;I;;PIND;f;;;;;;;;;;;29/08/2022 00:00;;;;
PT716000000059;0208032/71059;CD71-0208032/71059;ND716000000059;;;;OR000000000001;OR000000000001;;LOC;REC;NC;;;E;A;I;;PIND;f;;;;;;;;;;;29/08/2022 00:00;;;;
PT716000000060;0208033/71059;CD71-0208033/71059;ND716000000060;;;;OR000000000001;OR000000000001;;LOC;REC;NC;;;E;A;I;;PIND;f;;;;;;;;;;;29/08/2022 00:00;;;;
PT716000000061;0208037/71059;CD71-0208037/71059;ND716000000061;;;;OR000000000001;OR000000000001;;LOC;REC;NC;;;E;A;I;;PIND;f;;;;;;;;;;;29/08/2022 00:00;;;;
PT716000000062;BT87/71059;CD71-BT87/71059;ND716000000062;;;;OR000000000002;OR000000000002;;LOC;REC;NC;;;E;A;I;;PIND;f;;;;;;;;;;;29/08/2022 00:00;;;;
PT716000000063;0206978/71059;CD71-0206978/71059;ND716000000063;;;;OR000000000001;OR000000000001;;LOC;REC;NC;;;E;A;I;;PIND;f;;;;;;;;;;;29/08/2022 00:00;;;;
PT716000000064;0206914/71059;CD71-0206914/71059;ND716000000064;;;;OR000000000001;OR000000000001;;LOC;REC;NC;;;E;A;I;;PIND;f;;;;;;;;;;;29/08/2022 00:00;;;;
PT716000000065;0206937/71059;CD71-0206937/71059;ND716000000065;;;;OR000000000001;OR000000000001;;LOC;REC;NC;;;E;A;I;;PIND;f;;;;;;;;;;;29/08/2022 00:00;;;;
PT716000000066;0206940/71059;CD71-0206940/71059;ND716000000066;;;;OR000000000001;OR000000000001;;LOC;REC;NC;;;E;A;I;;PIND;f;;;;;;;;;;;29/08/2022 00:00;;;;
PT716000000067;0206941/71059;CD71-0206941/71059;ND716000000067;;;;OR000000000001;OR000000000001;;LOC;REC;NC;;;E;A;I;;PIND;f;;;;;;;;;;;29/08/2022 00:00;;;;
PT716000000068;0206943/71059;CD71-0206943/71059;ND716000000068;;;;OR000000000001;OR000000000001;;LOC;REC;NC;;;E;A;I;;PIND;f;;;;;;;;;;;29/08/2022 00:00;;;;
PT716000000069;0206944/71059;CD71-0206944/71059;ND716000000069;;;;OR000000000001;OR000000000001;;LOC;REC;NC;;;E;A;I;;PIND;f;;;;;;;;;;;29/08/2022 00:00;;;;
PT716000000070;0206945/71059;CD71-0206945/71059;ND716000000070;;;;OR000000000001;OR000000000001;;LOC;REC;NC;;;E;A;I;;PIND;f;;;;;;;;;;;29/08/2022 00:00;;;;
PT716000000071;0208049/71059;CD71-0208049/71059;ND716000000071;;;;OR000000000001;OR000000000001;;LOC;REC;NC;;;E;A;I;;PIND;f;;;;;;;;;;;29/08/2022 00:00;;;;
PT716000000072;A717365/71059;CD71-A717365/71059;ND716000000072;;;;OR710000000571;OR710000000005;;LOC;REC;NC;;;C;A;I;;PIND;f;;;;SIMPLE;8.00;;;;;;29/08/2022 00:00;;;;
PT716000000073;0208028/71059;CD71-0208028/71059;ND716000000073;;;;OR000000000001;OR000000000001;;LOC;REC;NC;;;E;A;I;;PIND;f;;;;;;;;;;;29/08/2022 00:00;;;;
PT716000000074;0208029/71059;CD71-0208029/71059;ND716000000074;;;;OR000000000001;OR000000000001;;LOC;REC;NC;;;E;A;I;;PIND;f;;;;;;;;;;;29/08/2022 00:00;;;;
PT716000000075;0208005/71059;CD71-0208005/71059;ND716000000075;;;;OR000000000001;OR000000000001;;LOC;REC;NC;;;E;A;I;;PIND;f;;;;;;;;;;;29/08/2022 00:00;;;;
PT716000000076;0208031/71059;CD71-0208031/71059;ND716000000076;;;;OR000000000001;OR000000000001;;LOC;REC;NC;;;E;A;I;;PIND;f;;;;;;;;;;;29/08/2022 00:00;;;;
PT716000000077;0208036/71059;CD71-0208036/71059;ND716000000077;;;;OR000000000001;OR000000000001;;LOC;REC;NC;;;E;A;I;;PIND;f;;;;;;;;;;;29/08/2022 00:00;;;;
PT716000000078;0208040/71059;CD71-0208040/71059;ND716000000078;;;;OR000000000001;OR000000000001;;LOC;REC;NC;;;E;A;I;;PIND;f;;;;;;;;;;;29/08/2022 00:00;;;;
PT716000000079;0208042/71059;CD71-0208042/71059;ND716000000079;;;;OR000000000001;OR000000000001;;LOC;REC;NC;;;E;A;I;;PIND;f;;;;;;;;;;;29/08/2022 00:00;;;;
PT716000000080;0208043/71059;CD71-0208043/71059;ND716000000080;;;;OR000000000001;OR000000000001;;LOC;REC;NC;;;E;A;I;;PIND;f;;;;;;;;;;;29/08/2022 00:00;;;;
PT716000000081;0208050/71059;CD71-0208050/71059;ND716000000081;;;;OR000000000001;OR000000000001;;LOC;REC;NC;;;E;A;I;;PIND;f;;;;;;;;;;;29/08/2022 00:00;;;;
PT716000000082;0208051/71059;CD71-0208051/71059;ND716000000082;;;;OR000000000001;OR000000000001;;LOC;REC;NC;;;E;A;I;;PIND;f;;;;;;;;;;;29/08/2022 00:00;;;;
PT716000000083;0208041/71059;CD71-0208041/71059;ND716000000083;;;;OR000000000001;OR000000000001;;LOC;REC;NC;;;E;A;I;;PIND;f;;;;;;;;;;;29/08/2022 00:00;;;;
PT716000000084;0208044/71059;CD71-0208044/71059;ND716000000084;;;;OR000000000001;OR000000000001;;LOC;REC;NC;;;E;A;I;;PIND;f;;;;;;;;;;;29/08/2022 00:00;;;;
PT716000000085;0208046/71059;CD71-0208046/71059;ND716000000085;;;;OR000000000001;OR000000000001;;LOC;REC;NC;;;E;A;I;;PIND;f;;;;;;;;;;;29/08/2022 00:00;;;;
PT716000000086;0206939/71059;CD71-0206939/71059;ND716000000086;;;;OR000000000001;OR000000000001;;LOC;REC;NC;;;E;A;I;;PIND;f;;;;;;;;;;;29/08/2022 00:00;;;;
PT716000000087;0206947/71059;CD71-0206947/71059;ND716000000087;;;;OR000000000001;OR000000000001;;LOC;REC;NC;;;E;A;I;;PIND;f;;;;;;;;;;;29/08/2022 00:00;;;;
PT716000000088;0206948/71059;CD71-0206948/71059;ND716000000088;;;;OR000000000001;OR000000000001;;LOC;REC;NC;;;E;A;I;;PIND;f;;;;;;;;;;;29/08/2022 00:00;;;;
PT716000000089;0206952/71059;CD71-0206952/71059;ND716000000089;;;;OR000000000001;OR000000000001;;LOC;REC;NC;;;E;A;I;;PIND;f;;;;;;;;;;;29/08/2022 00:00;;;;
PT716000000090;0208045/71059;CD71-0208045/71059;ND716000000090;;;;OR000000000001;OR000000000001;;LOC;REC;NC;;;E;A;I;;PIND;f;;;;;;;;;;;29/08/2022 00:00;;;;
PT716000000091;0208048/71059;CD71-0208048/71059;ND716000000091;;;;OR000000000001;OR000000000001;;LOC;REC;NC;;;E;A;I;;PIND;f;;;;;;;;;;;29/08/2022 00:00;;;;
PT716000000092;0208054/71059;CD71-0208054/71059;ND716000000092;;;;OR000000000001;OR000000000001;;LOC;REC;NC;;;E;A;I;;PIND;f;;;;;;;;;;;29/08/2022 00:00;;;;
PT716000000093;0208017/71059;CD71-0208017/71059;ND716000000093;;;;OR000000000001;OR000000000001;;LOC;REC;NC;;;E;A;I;;PIND;f;;;;;;;;;;;29/08/2022 00:00;;;;
PT716000000094;0208025/71059;CD71-0208025/71059;ND716000000094;;;;OR000000000001;OR000000000001;;LOC;REC;NC;;;E;A;I;;PIND;f;;;;;;;;;;;29/08/2022 00:00;;;;
PT716000000095;0208026/71059;CD71-0208026/71059;ND716000000095;;;;OR000000000001;OR000000000001;;LOC;REC;NC;;;E;A;I;;PIND;f;;;;;;;;;;;29/08/2022 00:00;;;;
PT716000000096;0206956/71059;CD71-0206956/71059;ND716000000096;;;;OR000000000001;OR000000000001;;LOC;REC;NC;;;E;A;I;;PIND;f;;;;;;;;;;;29/08/2022 00:00;;;;
PT716000000097;0720455/71059;CD71-0720455/71059;ND716000000097;;;;OR000000000001;OR000000000001;;LOC;REC;NC;;;E;A;I;;PIND;f;;;;;;;;;;;29/08/2022 00:00;;;;
PT716000000098;0720457/71059;CD71-0720457/71059;ND716000000098;;;;OR000000000001;OR000000000001;;LOC;REC;NC;;;E;A;I;;PIND;f;;;;;;;;;;;29/08/2022 00:00;;;;
PT716000000099;0719672/71059;CD71-0719672/71059;ND716000000099;;;;OR000000000001;OR000000000001;;LOC;REC;NC;;;E;A;I;;PIND;f;;;;;;;;;;;29/08/2022 00:00;;;;
PT716000000100;0720438/71059;CD71-0720438/71059;ND716000000100;;;;OR000000000001;OR000000000001;;LOC;REC;NC;;;E;A;I;;PIND;f;;;;;;;;;;;29/08/2022 00:00;;;;
PT716000000101;0720452/71059;CD71-0720452/71059;ND716000000101;;;;OR000000000001;OR000000000001;;LOC;REC;NC;;;E;A;I;;PIND;f;;;;;;;;;;;29/08/2022 00:00;;;;
PT716000000102;0719663/71059;CD71-0719663/71059;ND716000000102;;;;OR000000000001;OR000000000001;;LOC;REC;NC;;;E;A;I;;PIND;f;;;;;;;;;;;29/08/2022 00:00;;;;
PT716000000103;0719665/71059;CD71-0719665/71059;ND716000000103;;;;OR000000000001;OR000000000001;;LOC;REC;NC;;;E;A;I;;PIND;f;;;;;;;;;;;29/08/2022 00:00;;;;
PT716000000104;0720430/71059;CD71-0720430/71059;ND716000000104;;;;OR000000000001;OR000000000001;;LOC;REC;NC;;;E;A;I;;PIND;f;;;;;;;;;;;29/08/2022 00:00;;;;
PT716000000105;0720431/71059;CD71-0720431/71059;ND716000000105;;;;OR000000000001;OR000000000001;;LOC;REC;NC;;;E;A;I;;PIND;f;;;;;;;;;;;29/08/2022 00:00;;;;
PT716000000106;0720460/71059;CD71-0720460/71059;ND716000000106;;;;OR000000000001;OR000000000001;;LOC;REC;NC;;;E;A;I;;PIND;f;;;;;;;;;;;29/08/2022 00:00;;;;
PT716000000107;0719689/71059;CD71-0719689/71059;ND716000000107;;;;OR000000000001;OR000000000001;;LOC;REC;NC;;;E;A;I;;PIND;f;;;;;;;;;;;29/08/2022 00:00;;;;
PT716000000108;0206898/71059;CD71-0206898/71059;ND716000000108;;;;OR000000000001;OR000000000001;;LOC;REC;NC;;;E;A;I;;PIND;f;;;;;;;;;;;29/08/2022 00:00;;;;
PT716000000109;0720436/71059;CD71-0720436/71059;ND716000000109;;;;OR000000000001;OR000000000001;;LOC;REC;NC;;;E;A;I;;PIND;f;;;;;;;;;;;29/08/2022 00:00;;;;
PT716000000110;0720441/71059;CD71-0720441/71059;ND716000000110;;;;OR000000000001;OR000000000001;;LOC;REC;NC;;;E;A;I;;PIND;f;;;;;;;;;;;29/08/2022 00:00;;;;
PT716000000111;0720444/71059;CD71-0720444/71059;ND716000000111;;;;OR000000000001;OR000000000001;;LOC;REC;NC;;;E;A;I;;PIND;f;;;;;;;;;;;29/08/2022 00:00;;;;
PT716000000112;0720447/71059;CD71-0720447/71059;ND716000000112;;;;OR000000000001;OR000000000001;;LOC;REC;NC;;;E;A;I;;PIND;f;;;;;;;;;;;29/08/2022 00:00;;;;
PT716000000113;0720453/71059;CD71-0720453/71059;ND716000000113;;;;OR000000000001;OR000000000001;;LOC;REC;NC;;;E;A;I;;PIND;f;;;;;;;;;;;29/08/2022 00:00;;;;
PT716000000114;0719691/71059;CD71-0719691/71059;ND716000000114;;;;OR000000000001;OR000000000001;;LOC;REC;NC;;;E;A;I;;PIND;f;;;;;;;;;;;29/08/2022 00:00;;;;
PT716000000115;0719695/71059;CD71-0719695/71059;ND716000000115;;;;OR000000000001;OR000000000001;;LOC;REC;NC;;;E;A;I;;PIND;f;;;;;;;;;;;29/08/2022 00:00;;;;
PT716000000116;0719697/71059;CD71-0719697/71059;ND716000000116;;;;OR000000000001;OR000000000001;;LOC;REC;NC;;;E;A;I;;PIND;f;;;;;;;;;;;29/08/2022 00:00;;;;
PT716000000117;0719699/71059;CD71-0719699/71059;ND716000000117;;;;OR000000000001;OR000000000001;;LOC;REC;NC;;;E;A;I;;PIND;f;;;;;;;;;;;29/08/2022 00:00;;;;
PT716000000118;0720433/71059;CD71-0720433/71059;ND716000000118;;;;OR000000000001;OR000000000001;;LOC;REC;NC;;;E;A;I;;PIND;f;;;;;;;;;;;29/08/2022 00:00;;;;
PT716000000119;0719666/71059;CD71-0719666/71059;ND716000000119;;;;OR000000000001;OR000000000001;;LOC;REC;NC;;;E;A;I;;PIND;f;;;;;;;;;;;29/08/2022 00:00;;;;
PT716000000120;0719668/71059;CD71-0719668/71059;ND716000000120;;;;OR000000000001;OR000000000001;;LOC;REC;NC;;;E;A;I;;PIND;f;;;;;;;;;;;29/08/2022 00:00;;;;
PT716000000121;0719670/71059;CD71-0719670/71059;ND716000000121;;;;OR000000000001;OR000000000001;;LOC;REC;NC;;;E;A;I;;PIND;f;;;;;;;;;;;29/08/2022 00:00;;;;
PT716000000122;0719674/71059;CD71-0719674/71059;ND716000000122;;;;OR000000000001;OR000000000001;;LOC;REC;NC;;;E;A;I;;PIND;f;;;;;;;;;;;29/08/2022 00:00;;;;
PT716000000123;0719675/71059;CD71-0719675/71059;ND716000000123;;;;OR000000000001;OR000000000001;;LOC;REC;NC;;;E;A;I;;PIND;f;;;;;;;;;;;29/08/2022 00:00;;;;
PT716000000124;0720456/71059;CD71-0720456/71059;ND716000000124;;;;OR000000000001;OR000000000001;;LOC;REC;NC;;;E;A;I;;PIND;f;;;;;;;;;;;29/08/2022 00:00;;;;
PT716000000125;0720458/71059;CD71-0720458/71059;ND716000000125;;;;OR000000000001;OR000000000001;;LOC;REC;NC;;;E;A;I;;PIND;f;;;;;;;;;;;29/08/2022 00:00;;;;
PT716000000126;0720448/71059;CD71-0720448/71059;ND716000000126;;;;OR000000000001;OR000000000001;;LOC;REC;NC;;;E;A;I;;PIND;f;;;;;;;;;;;29/08/2022 00:00;;;;
PT716000000127;0208008/71059;CD71-0208008/71059;ND716000000127;;;;OR000000000001;OR000000000001;;LOC;REC;NC;;;E;A;I;;PIND;f;;;;;;;;;;;29/08/2022 00:00;;;;
PT716000000128;0719662/71059;CD71-0719662/71059;ND716000000128;;;;OR000000000001;OR000000000001;;LOC;REC;NC;;;E;A;I;;PIND;f;;;;;;;;;;;29/08/2022 00:00;;;;
PT716000000129;0720446/71059;CD71-0720446/71059;ND716000000129;;;;OR000000000001;OR000000000001;;LOC;REC;NC;;;E;A;I;;PIND;f;;;;;;;;;;;29/08/2022 00:00;;;;
PT716000000130;0208009/71059;CD71-0208009/71059;ND716000000130;;;;OR000000000001;OR000000000001;;LOC;REC;NC;;;E;A;I;;PIND;f;;;;;;;;;;;29/08/2022 00:00;;;;
PT716000000131;0720435/71059;CD71-0720435/71059;ND716000000131;;;;OR000000000001;OR000000000001;;LOC;REC;NC;;;E;A;I;;PIND;f;;;;;;;;;;;29/08/2022 00:00;;;;
PT716000000132;0720440/71059;CD71-0720440/71059;ND716000000132;;;;OR000000000001;OR000000000001;;LOC;REC;NC;;;E;A;I;;PIND;f;;;;;;;;;;;29/08/2022 00:00;;;;
PT716000000133;0720442/71059;CD71-0720442/71059;ND716000000133;;;;OR000000000001;OR000000000001;;LOC;REC;NC;;;E;A;I;;PIND;f;;;;;;;;;;;29/08/2022 00:00;;;;
PT716000000134;0720445/71059;CD71-0720445/71059;ND716000000134;;;;OR000000000001;OR000000000001;;LOC;REC;NC;;;E;A;I;;PIND;f;;;;;;;;;;;29/08/2022 00:00;;;;
PT716000000135;0719664/71059;CD71-0719664/71059;ND716000000135;;;;OR000000000001;OR000000000001;;LOC;REC;NC;;;E;A;I;;PIND;f;;;;;;;;;;;29/08/2022 00:00;;;;
PT716000000136;0208006/71059;CD71-0208006/71059;ND716000000136;;;;OR000000000001;OR000000000001;;LOC;REC;NC;;;E;A;I;;PIND;f;;;;;;;;;;;29/08/2022 00:00;;;;
PT716000000137;0208007/71059;CD71-0208007/71059;ND716000000137;;;;OR000000000001;OR000000000001;;LOC;REC;NC;;;E;A;I;;PIND;f;;;;;;;;;;;29/08/2022 00:00;;;;
PT716000000138;0102463/71059;CD71-0102463/71059;ND716000000138;;;;OR000000000001;OR000000000001;;LOC;REC;NC;;;E;A;I;;PIND;f;;;;;;;;;;;29/08/2022 00:00;;;;
PT716000000139;0102464/71059;CD71-0102464/71059;ND716000000139;;;;OR000000000001;OR000000000001;;LOC;REC;NC;;;E;A;I;;PIND;f;;;;;;;;;;;29/08/2022 00:00;;;;
PT716000000140;0102467/71059;CD71-0102467/71059;ND716000000140;;;;OR000000000001;OR000000000001;;LOC;REC;NC;;;E;A;I;;PIND;f;;;;;;;;;;;29/08/2022 00:00;;;;
PT716000000141;0102468/71059;CD71-0102468/71059;ND716000000141;;;;OR000000000001;OR000000000001;;LOC;REC;NC;;;E;A;I;;PIND;f;;;;;;;;;;;29/08/2022 00:00;;;;
PT716000000142;0102469/71059;CD71-0102469/71059;ND716000000142;;;;OR000000000001;OR000000000001;;LOC;REC;NC;;;E;A;I;;PIND;f;;;;;;;;;;;29/08/2022 00:00;;;;
PT716000000143;0206975/71059;CD71-0206975/71059;ND716000000143;;;;OR000000000001;OR000000000001;;LOC;REC;NC;;;E;A;I;;PIND;f;;;;;;;;;;;29/08/2022 00:00;;;;
PT716000000144;0720434/71059;CD71-0720434/71059;ND716000000144;;;;OR000000000001;OR000000000001;;LOC;REC;NC;;;E;A;I;;PIND;f;;;;;;;;;;;29/08/2022 00:00;;;;
PT716000000145;0720437/71059;CD71-0720437/71059;ND716000000145;;;;OR000000000001;OR000000000001;;LOC;REC;NC;;;E;A;I;;PIND;f;;;;;;;;;;;29/08/2022 00:00;;;;
PT716000000146;0719696/71059;CD71-0719696/71059;ND716000000146;;;;OR000000000001;OR000000000001;;LOC;REC;NC;;;E;A;I;;PIND;f;;;;;;;;;;;29/08/2022 00:00;;;;
PT716000000147;0719673/71059;CD71-0719673/71059;ND716000000147;;;;OR000000000001;OR000000000001;;LOC;REC;NC;;;E;A;I;;PIND;f;;;;;;;;;;;29/08/2022 00:00;;;;
PT716000000148;0719688/71059;CD71-0719688/71059;ND716000000148;;;;OR000000000001;OR000000000001;;LOC;REC;NC;;;E;A;I;;PIND;f;;;;;;;;;;;29/08/2022 00:00;;;;
PT716000000149;0719690/71059;CD71-0719690/71059;ND716000000149;;;;OR000000000001;OR000000000001;;LOC;REC;NC;;;E;A;I;;PIND;f;;;;;;;;;;;29/08/2022 00:00;;;;
PT716000000150;0208010/71059;CD71-0208010/71059;ND716000000150;;;;OR000000000001;OR000000000001;;LOC;REC;NC;;;E;A;I;;PIND;f;;;;;;;;;;;29/08/2022 00:00;;;;
PT716000000151;0102465/71059;CD71-0102465/71059;ND716000000151;;;;OR000000000001;OR000000000001;;LOC;REC;NC;;;E;A;I;;PIND;f;;;;;;;;;;;29/08/2022 00:00;;;;
PT716000000152;0102466/71059;CD71-0102466/71059;ND716000000152;;;;OR000000000001;OR000000000001;;LOC;REC;NC;;;E;A;I;;PIND;f;;;;;;;;;;;29/08/2022 00:00;;;;
PT716000000153;0206957/71059;CD71-0206957/71059;ND716000000153;;;;OR000000000001;OR000000000001;;LOC;REC;NC;;;E;A;I;;PIND;f;;;;;;;;;;;29/08/2022 00:00;;;;
PT716000000154;0206976/71059;CD71-0206976/71059;ND716000000154;;;;OR000000000001;OR000000000001;;LOC;REC;NC;;;E;A;I;;PIND;f;;;;;;;;;;;29/08/2022 00:00;;;;
PT716000000155;0206984/71059;CD71-0206984/71059;ND716000000155;;;;OR000000000001;OR000000000001;;LOC;REC;NC;;;E;A;I;;PIND;f;;;;;;;;;;;29/08/2022 00:00;;;;
PT716000000156;0206938/71059;CD71-0206938/71059;ND716000000156;;;;OR000000000001;OR000000000001;;LOC;REC;NC;;;E;A;I;;PIND;f;;;;;;;;;;;29/08/2022 00:00;;;;
PT716000000157;0206955/71059;CD71-0206955/71059;ND716000000157;;;;OR000000000001;OR000000000001;;LOC;REC;NC;;;E;A;I;;PIND;f;;;;;;;;;;;29/08/2022 00:00;;;;
PT716000000158;BT205/71059;CD71-BT205/71059;ND716000000158;;;;OR000000000002;OR000000000002;;LOC;REC;NC;;;E;A;I;;PIND;f;;;;;;;;;;;29/08/2022 00:00;;;;
PT716000000159;BT206/71059;CD71-BT206/71059;ND716000000159;;;;OR000000000002;OR000000000002;;LOC;REC;NC;;;E;A;I;;PIND;f;;;;;;;;;;;29/08/2022 00:00;;;;
PT716000000160;A717364/71059;CD71-A717364/71059;ND716000000160;;;;OR710000000571;OR710000000005;;LOC;REC;NC;;;C;A;I;;PIND;f;;;;SIMPLE;10.00;;;;;;29/08/2022 00:00;;;;
PT716000000161;BT208/71059;CD71-BT208/71059;ND716000000161;;;;OR000000000002;OR000000000002;;LOC;REC;NC;;;E;A;I;;PIND;f;;;;;;;;;;;29/08/2022 00:00;;;;
PT716000000162;BT209/71059;CD71-BT209/71059;ND716000000162;;;;OR000000000002;OR000000000002;;LOC;REC;NC;;;E;A;I;;PIND;f;;;;;;;;;;;29/08/2022 00:00;;;;
PT716000000163;BT214/71059;CD71-BT214/71059;ND716000000163;;;;OR000000000002;OR000000000002;;LOC;REC;NC;;;E;A;I;;PIND;f;;;;;;;;;;;29/08/2022 00:00;;;;
PT716000000164;BT215/71059;CD71-BT215/71059;ND716000000164;;;;OR000000000002;OR000000000002;;LOC;REC;NC;;;E;A;I;;PIND;f;;;;;;;;;;;29/08/2022 00:00;;;;
PT716000000165;A717362/71059;CD71-A717362/71059;ND716000000165;;;;OR710000000571;OR710000000005;;LOC;REC;NC;;;C;A;I;;PIND;f;;;;SIMPLE;10.00;;;;;;29/08/2022 00:00;;;;
PT716000000166;BT217/71059;CD71-BT217/71059;ND716000000166;;;;OR000000000002;OR000000000002;;LOC;REC;NC;;;E;A;I;;PIND;f;;;;;;;;;;;29/08/2022 00:00;;;;
PT716000000168;BT219/71059;CD71-BT219/71059;ND716000000168;;;;OR000000000002;OR000000000002;;LOC;REC;NC;;;E;A;I;;PIND;f;;;;;;;;;;;29/08/2022 00:00;;;;
PT716000000169;BT222/71059;CD71-BT222/71059;ND716000000169;;;;OR000000000002;OR000000000002;;LOC;REC;NC;;;E;A;I;;PIND;f;;;;;;;;;;;29/08/2022 00:00;;;;
PT716000000170;0206950/71059;CD71-0206950/71059;ND716000000170;;;;OR000000000001;OR000000000001;;LOC;REC;NC;;;E;A;I;;PIND;f;;;;;;;;;;;29/08/2022 00:00;;;;
PT716000000171;BT224/71059;CD71-BT224/71059;ND716000000171;;;;OR000000000002;OR000000000002;;LOC;REC;NC;;;E;A;I;;PIND;f;;;;;;;;;;;29/08/2022 00:00;;;;
PT716000000172;BT225/71059;CD71-BT225/71059;ND716000000172;;;;OR000000000002;OR000000000002;;LOC;REC;NC;;;E;A;I;;PIND;f;;;;;;;;;;;29/08/2022 00:00;;;;
PT716000000173;BT226/71059;CD71-BT226/71059;ND716000000173;;;;OR000000000002;OR000000000002;;LOC;REC;NC;;;E;A;I;;PIND;f;;;;;;;;;;;29/08/2022 00:00;;;;
PT716000000174;BT227/71059;CD71-BT227/71059;ND716000000174;;;;OR000000000002;OR000000000002;;LOC;REC;NC;;;E;A;I;;PIND;f;;;;;;;;;;;29/08/2022 00:00;;;;
PT716000000175;BT228/71059;CD71-BT228/71059;ND716000000175;;;;OR000000000002;OR000000000002;;LOC;REC;NC;;;E;A;I;;PIND;f;;;;;;;;;;;29/08/2022 00:00;;;;
PT716000000176;BT229/71059;CD71-BT229/71059;ND716000000176;;;;OR000000000002;OR000000000002;;LOC;REC;NC;;;E;A;I;;PIND;f;;;;;;;;;;;29/08/2022 00:00;;;;
PT716000000177;BT230/71059;CD71-BT230/71059;ND716000000177;;;;OR000000000002;OR000000000002;;LOC;REC;NC;;;E;A;I;;PIND;f;;;;;;;;;;;29/08/2022 00:00;;;;
PT716000000178;BT231/71059;CD71-BT231/71059;ND716000000178;;;;OR000000000002;OR000000000002;;LOC;REC;NC;;;E;A;I;;PIND;f;;;;;;;;;;;29/08/2022 00:00;;;;
PT716000000179;BT232/71059;CD71-BT232/71059;ND716000000179;;;;OR000000000002;OR000000000002;;LOC;REC;NC;;;E;A;I;;PIND;f;;;;;;;;;;;29/08/2022 00:00;;;;
PT716000000180;BT233/71059;CD71-BT233/71059;ND716000000180;;;;OR000000000002;OR000000000002;;LOC;REC;NC;;;E;A;I;;PIND;f;;;;;;;;;;;29/08/2022 00:00;;;;
PT716000000181;AE_1/71059;CD71-AE_1/71059;ND716000000181;;;;OR000000000001;OR000000000001;;LOC;REC;NC;;;E;A;I;;PIND;f;;;;;;;;;;;29/08/2022 00:00;;;;
PT716000000182;BT235/71059;CD71-BT235/71059;ND716000000182;;;;OR000000000002;OR000000000002;;LOC;REC;NC;;;E;A;I;;PIND;f;;;;;;;;;;;29/08/2022 00:00;;;;
PT716000000183;0720454/71059;CD71-0720454/71059;ND716000000183;;;;OR000000000001;OR000000000001;;LOC;REC;NC;;;E;A;I;;PIND;f;;;;;;;;;;;29/08/2022 00:00;;;;
PT716000000184;BT238/71059;CD71-BT238/71059;ND716000000184;;;;OR000000000002;OR000000000002;;LOC;REC;NC;;;E;A;I;;PIND;f;;;;;;;;;;;29/08/2022 00:00;;;;
PT716000000185;BT239/71059;CD71-BT239/71059;ND716000000185;;;;OR000000000002;OR000000000002;;LOC;REC;NC;;;E;A;I;;PIND;f;;;;;;;;;;;29/08/2022 00:00;;;;
PT716000000186;BT240/71059;CD71-BT240/71059;ND716000000186;;;;OR000000000002;OR000000000002;;LOC;REC;NC;;;E;A;I;;PIND;f;;;;;;;;;;;29/08/2022 00:00;;;;
PT716000000187;BT241/71059;CD71-BT241/71059;ND716000000187;;;;OR000000000002;OR000000000002;;LOC;REC;NC;;;E;A;I;;PIND;f;;;;;;;;;;;29/08/2022 00:00;;;;
PT716000000188;BT242/71059;CD71-BT242/71059;ND716000000188;;;;OR000000000002;OR000000000002;;LOC;REC;NC;;;E;A;I;;PIND;f;;;;;;;;;;;29/08/2022 00:00;;;;
PT716000000189;BT244/71059;CD71-BT244/71059;ND716000000189;;;;OR000000000002;OR000000000002;;LOC;REC;NC;;;E;A;I;;PIND;f;;;;;;;;;;;29/08/2022 00:00;;;;
PT716000000190;BT245/71059;CD71-BT245/71059;ND716000000190;;;;OR000000000002;OR000000000002;;LOC;REC;NC;;;E;A;I;;PIND;f;;;;;;;;;;;29/08/2022 00:00;;;;
PT716000000191;BT246/71059;CD71-BT246/71059;ND716000000191;;;;OR000000000002;OR000000000002;;LOC;REC;NC;;;E;A;I;;PIND;f;;;;;;;;;;;29/08/2022 00:00;;;;
PT716000000192;0206942/71059;CD71-0206942/71059;ND716000000192;;;;OR000000000001;OR000000000001;;LOC;REC;NC;;;E;A;I;;PIND;f;;;;;;;;;;;29/08/2022 00:00;;;;
PT716000000193;BT251/71059;CD71-BT251/71059;ND716000000193;;;;OR000000000002;OR000000000002;;LOC;REC;NC;;;E;A;I;;PIND;f;;;;;;;;;;;29/08/2022 00:00;;;;
PT716000000194;BT252/71059;CD71-BT252/71059;ND716000000194;;;;OR000000000002;OR000000000002;;LOC;REC;NC;;;E;A;I;;PIND;f;;;;;;;;;;;29/08/2022 00:00;;;;
PT716000000195;BT254/71059;CD71-BT254/71059;ND716000000195;;;;OR000000000002;OR000000000002;;LOC;REC;NC;;;E;A;I;;PIND;f;;;;;;;;;;;29/08/2022 00:00;;;;
PT716000000196;BT258/71059;CD71-BT258/71059;ND716000000196;;;;OR000000000002;OR000000000002;;LOC;REC;NC;;;E;A;I;;PIND;f;;;;;;;;;;;29/08/2022 00:00;;;;
PT716000000197;BT259/71059;CD71-BT259/71059;ND716000000197;;;;OR000000000002;OR000000000002;;LOC;REC;NC;;;E;A;I;;PIND;f;;;;;;;;;;;29/08/2022 00:00;;;;
PT716000000198;BT260/71059;CD71-BT260/71059;ND716000000198;;;;OR000000000002;OR000000000002;;LOC;REC;NC;;;E;A;I;;PIND;f;;;;;;;;;;;29/08/2022 00:00;;;;
PT716000000199;BT261/71059;CD71-BT261/71059;ND716000000199;;;;OR000000000002;OR000000000002;;LOC;REC;NC;;;E;A;I;;PIND;f;;;;;;;;;;;29/08/2022 00:00;;;;
PT716000000200;BT263/71059;CD71-BT263/71059;ND716000000200;;;;OR000000000002;OR000000000002;;LOC;REC;NC;;;E;A;I;;PIND;f;;;;;;;;;;;29/08/2022 00:00;;;;
PT716000000201;BT268/71059;CD71-BT268/71059;ND716000000201;;;;OR000000000002;OR000000000002;;LOC;REC;NC;;;E;A;I;;PIND;f;;;;;;;;;;NOUVEAU;29/08/2022 00:00;;;;
PT716000000202;0720449/71059;CD71-0720449/71059;ND716000000202;;;;OR000000000001;OR000000000001;;LOC;REC;NC;;;E;A;I;;PIND;f;;;;;;;;;;;29/08/2022 00:00;;;;
PT716000000203;FAC122;CD71-FAC122;ND716000000203;;;;OR710000000571;OR710000000571;;LOC;REC;NC;;;E;F;I;;IND;f;;;;;;;;;;;29/08/2022 00:00;;;;
PT716000000204;POT16;CD71-POT16;ND716000000204;;;;OR000000000001;OR000000000001;;LOC;REC;NC;;;E;F;I;;IND;f;;;;;;;;;;;29/08/2022 00:00;;;;
PT716000000205;0720451/71059;CD71-0720451/71059;ND716000000205;;;;OR000000000001;OR000000000001;;LOC;REC;NC;;;E;A;I;;PIND;f;;;;;;;;;;;29/08/2022 00:00;;;;
PT716000000206;FAC123;CD71-FAC123;ND716000000206;;;;OR710000000571;OR710000000571;;LOC;REC;NC;;;E;F;I;;IND;f;;;;;;;;;;;29/08/2022 00:00;;;;
PT716000000207;FAC124;CD71-FAC124;ND716000000207;;;;OR710000000571;OR710000000571;;LOC;REC;NC;;;E;F;I;;IND;f;;;;;;;;;;;29/08/2022 00:00;;;;
PT716000000208;FAC125;CD71-FAC125;ND716000000208;;;;OR710000000571;OR710000000571;;LOC;REC;NC;;;E;F;I;;IND;f;;;;;;;;;;;29/08/2022 00:00;;;;
PT716000000209;FAC126;CD71-FAC126;ND716000000209;;;;OR710000000571;OR710000000571;;LOC;REC;NC;;;E;F;I;;IND;f;;;;;;;;;;;29/08/2022 00:00;;;;
PT716000000210;FAC127;CD71-FAC127;ND716000000210;;;;OR710000000571;OR710000000571;;LOC;REC;NC;;;E;F;I;;IND;f;;;;;;;;;;;29/08/2022 00:00;;;;
PT716000000211;FAC128;CD71-FAC128;ND716000000211;;;;OR710000000571;OR710000000571;;LOC;REC;NC;;;E;F;I;;IND;f;;;;;;;;;;;29/08/2022 00:00;;;;
PT716000000212;BT306/71059;CD71-BT306/71059;ND716000000212;;;;OR000000000002;OR000000000002;;LOC;REC;NC;;;E;A;I;;PIND;f;;;;;;;;;;;29/08/2022 00:00;;;;
PT716000000213;BT307/71059;CD71-BT307/71059;ND716000000213;;;;OR000000000002;OR000000000002;;LOC;REC;NC;;;E;A;I;;PIND;f;;;;;;;;;;;29/08/2022 00:00;;;;
PT716000000214;0732369/71059;CD71-0732369/71059;ND716000000214;;;;OR000000000001;OR000000000001;;LOC;REC;NC;;;E;A;I;;PIND;f;;;;;;;;;;;29/08/2022 00:00;;;;
PT716000000215;C716007/71059;CD71-C716007/71059;ND716000000215;;;;OR710000000571;OR710000000005;;LOC;REC;NC;;;E;C;I;;L3T;f;;;;;;;;;;NRO71153CRI_08_S;29/08/2022 00:00;;;;
PT716000000216;BT317/71059;CD71-BT317/71059;ND716000000216;;;;OR000000000002;OR000000000002;;LOC;REC;NC;;;E;A;I;;PIND;f;;;;;;;;;;;29/08/2022 00:00;;;;
PT716000000217;C716008/71059;CD71-C716008/71059;ND716000000217;;;;OR710000000571;OR710000000005;;LOC;REC;NC;;;C;C;I;;L2T;f;;;;;;;;;;;29/08/2022 00:00;;;;
PT716000000218;0FT01/71059;CD71-0FT01/71059;ND716000000218;;;;OR000000000001;OR000000000001;;LOC;REC;NC;;;E;C;I;;IND;f;;;;;;;;;;;29/08/2022 00:00;;;;
PT716000000219;0FT02/71059;CD71-0FT02/71059;ND716000000219;;;;OR000000000001;OR000000000001;;LOC;REC;NC;;;E;C;I;;IND;f;;;;;;;;;;;29/08/2022 00:00;;;;
PT716000000220;0208053/71059;CD71-0208053/71059;ND716000000220;;;;OR000000000001;OR000000000001;;LOC;REC;NC;;;E;A;I;;PIND;f;;;;;;;;;;;29/08/2022 00:00;;;;
PT716000000221;BT2/71059;CD71-BT2/71059;ND716000000221;;;;OR000000000002;OR000000000002;;LOC;REC;NC;;;E;A;I;;PIND;f;;;;;;;;;;;29/08/2022 00:00;;;;
PT716000000222;BT218/71059;CD71-BT218/71059;ND716000000167;;;;OR000000000002;OR000000000002;;LOC;REC;NC;;;E;A;I;;PIND;f;;;;;;;;;;;27/07/2023 00:00;;;;
